joint,default_rad,default_deg,Kp_Nm_per_rad,Kd_Nms_per_rad,force_range_Nm,action_scale_rad
left_hip_pitch_joint,-0.312,-17.876282,40.17923863450712,2.557889775413375,"[-88.0, 88.0]",0.54754645
left_hip_roll_joint,0.0,0.0,99.09842777666111,6.308801853496639,"[-139.0, 139.0]",0.35066146
left_hip_yaw_joint,0.0,0.0,40.17923863450712,2.557889775413375,"[-88.0, 88.0]",0.54754645
left_knee_joint,0.669,38.330875,99.09842777666111,6.308801853496639,"[-139.0, 139.0]",0.35066146
left_ankle_pitch_joint,-0.363,-20.798367,28.50124619574858,1.814445686584846,"[-50.0, 50.0]",0.43857732
left_ankle_roll_joint,0.0,0.0,28.50124619574858,1.814445686584846,"[-50.0, 50.0]",0.43857732
right_hip_pitch_joint,-0.312,-17.876282,40.17923863450712,2.557889775413375,"[-88.0, 88.0]",0.54754645
right_hip_roll_joint,0.0,0.0,99.09842777666111,6.308801853496639,"[-139.0, 139.0]",0.35066146
right_hip_yaw_joint,0.0,0.0,40.17923863450712,2.557889775413375,"[-88.0, 88.0]",0.54754645
right_knee_joint,0.669,38.330875,99.09842777666111,6.308801853496639,"[-139.0, 139.0]",0.35066146
right_ankle_pitch_joint,-0.363,-20.798367,28.50124619574858,1.814445686584846,"[-50.0, 50.0]",0.43857732
right_ankle_roll_joint,0.0,0.0,28.50124619574858,1.814445686584846,"[-50.0, 50.0]",0.43857732
waist_yaw_joint,0.0,0.0,40.17923863450712,2.557889775413375,"[-88.0, 88.0]",0.54754645
waist_roll_joint,0.0,0.0,28.50124619574858,1.814445686584846,"[-50.0, 50.0]",0.43857732
waist_pitch_joint,0.0,0.0,28.50124619574858,1.814445686584846,"[-50.0, 50.0]",0.43857732
left_shoulder_pitch_joint,0.2,11.459155,14.25062309787429,0.907222843292423,"[-25.0, 25.0]",0.43857732
left_shoulder_roll_joint,0.2,11.459155,14.25062309787429,0.907222843292423,"[-25.0, 25.0]",0.43857732
left_shoulder_yaw_joint,0.0,0.0,14.25062309787429,0.907222843292423,"[-25.0, 25.0]",0.43857732
left_elbow_joint,0.6,34.37747,14.25062309787429,0.907222843292423,"[-25.0, 25.0]",0.43857732
left_wrist_roll_joint,0.0,0.0,14.25062309787429,0.907222843292423,"[-25.0, 25.0]",0.43857732
left_wrist_pitch_joint,0.0,0.0,16.77832748089279,1.06814150219,"[-5.0, 5.0]",0.07450087
left_wrist_yaw_joint,0.0,0.0,16.77832748089279,1.06814150219,"[-5.0, 5.0]",0.07450087
right_shoulder_pitch_joint,0.2,11.459155,14.25062309787429,0.907222843292423,"[-25.0, 25.0]",0.43857732
right_shoulder_roll_joint,-0.2,-11.459155,14.25062309787429,0.907222843292423,"[-25.0, 25.0]",0.43857732
right_shoulder_yaw_joint,0.0,0.0,14.25062309787429,0.907222843292423,"[-25.0, 25.0]",0.43857732
right_elbow_joint,0.6,34.37747,14.25062309787429,0.907222843292423,"[-25.0, 25.0]",0.43857732
right_wrist_roll_joint,0.0,0.0,14.25062309787429,0.907222843292423,"[-25.0, 25.0]",0.43857732
right_wrist_pitch_joint,0.0,0.0,16.77832748089279,1.06814150219,"[-5.0, 5.0]",0.07450087
right_wrist_yaw_joint,0.0,0.0,16.77832748089279,1.06814150219,"[-5.0, 5.0]",0.07450087
