joint,action_scale_rad,default_pos_deg
left_hip_pitch_joint,0.54754645,-17.876282
left_hip_roll_joint,0.35066146,0.0
left_hip_yaw_joint,0.54754645,0.0
left_knee_joint,0.35066146,38.330875
left_ankle_pitch_joint,0.43857732,-20.798367
left_ankle_roll_joint,0.43857732,0.0
right_hip_pitch_joint,0.54754645,-17.876282
right_hip_roll_joint,0.35066146,0.0
right_hip_yaw_joint,0.54754645,0.0
right_knee_joint,0.35066146,38.330875
right_ankle_pitch_joint,0.43857732,-20.798367
right_ankle_roll_joint,0.43857732,0.0
waist_yaw_joint,0.54754645,0.0
waist_roll_joint,0.43857732,0.0
waist_pitch_joint,0.43857732,0.0
left_shoulder_pitch_joint,0.43857732,11.459155
left_shoulder_roll_joint,0.43857732,11.459155
left_shoulder_yaw_joint,0.43857732,0.0
left_elbow_joint,0.43857732,34.37747
left_wrist_roll_joint,0.43857732,0.0
left_wrist_pitch_joint,0.07450087,0.0
left_wrist_yaw_joint,0.07450087,0.0
right_shoulder_pitch_joint,0.43857732,11.459155
right_shoulder_roll_joint,0.43857732,-11.459155
right_shoulder_yaw_joint,0.43857732,0.0
right_elbow_joint,0.43857732,34.37747
right_wrist_roll_joint,0.43857732,0.0
right_wrist_pitch_joint,0.07450087,0.0
right_wrist_yaw_joint,0.07450087,0.0
