condition,seed,level,fell_over,fall_step,q_paretic_at_fall,q_nonparetic_at_fall,tgt_paretic_at_fall,tgt_nonparetic_at_fall,q_paretic_pre05,q_nonparetic_pre05,tgt_paretic_pre05,tgt_nonparetic_pre05,q_paretic_walk,q_nonparetic_walk,tgt_paretic_walk,tgt_nonparetic_walk
right_half_paresis,1,1.0,False,,,,,,,,,,3.1467211,2.1856337,8.166817,6.4360814
right_half_paresis,1,0.75,False,,,,,,,,,,2.6464102,2.4486399,7.20135,7.79724
right_half_paresis,1,0.7,True,238,21.07609,23.945276,37.97188,32.54312,12.514087,14.262699,21.520464,21.4277,,,,
right_half_paresis,1,0.65,True,134,17.545153,22.571259,30.66339,27.82159,11.501091,14.116488,17.807074,20.40277,,,,
right_half_paresis,1,0.6,True,111,15.251863,18.671251,23.886213,22.737268,10.074895,14.868527,14.472812,18.177593,,,,
right_half_paresis,1,0.55,True,80,16.37448,21.490694,26.226906,29.382406,10.166827,12.468122,14.598315,18.914143,,,,
right_half_paresis,2,1.0,False,,,,,,,,,,2.8792226,2.599007,7.801533,7.1257644
right_half_paresis,2,0.75,False,,,,,,,,,,2.4824812,3.2642982,6.395035,8.040444
right_half_paresis,2,0.7,False,,,,,,,,,,2.8437388,4.103939,6.432205,9.081551
right_half_paresis,2,0.65,False,,,,,,,,,,3.9711199,6.7695093,7.5098963,12.433422
right_half_paresis,2,0.6,True,154,13.491204,14.264556,16.151619,26.420519,10.450365,15.137765,14.2499,22.069265,,,,
right_half_paresis,2,0.55,True,128,11.745642,16.577435,17.147562,24.696732,10.315152,15.541117,12.814282,21.186087,,,,
right_half_paresis,3,1.0,False,,,,,,,,,,3.0084264,2.4625695,7.857719,6.608921
right_half_paresis,3,0.75,False,,,,,,,,,,2.58785,2.932674,6.463318,7.991385
right_half_paresis,3,0.7,False,,,,,,,,,,2.689295,3.4075942,6.418042,8.691515
right_half_paresis,3,0.65,False,,,,,,,,,,3.0259402,4.5525723,6.8353095,10.59676
right_half_paresis,3,0.6,True,173,11.238563,17.550583,17.128384,17.10305,7.9640245,13.823801,12.893155,23.853666,,,,
right_half_paresis,3,0.55,True,130,10.776601,16.204927,21.25464,32.730114,7.8669806,14.274398,11.294276,24.891096,,,,
right_half_paresis,4,1.0,False,,,,,,,,,,2.9189417,2.4204094,8.341876,6.735557
right_half_paresis,4,0.75,False,,,,,,,,,,2.5551264,2.7796624,6.6535463,8.344228
right_half_paresis,4,0.7,False,,,,,,,,,,3.580976,5.6423225,8.328766,11.286018
right_half_paresis,4,0.65,True,138,19.734406,18.42826,24.728971,14.769407,10.799982,13.722521,16.506987,18.166815,,,,
right_half_paresis,4,0.6,True,110,18.451813,17.199476,25.161964,20.56896,10.041354,14.066167,13.945531,17.91581,,,,
right_half_paresis,4,0.55,True,94,13.502788,18.213768,21.795635,18.478271,9.216155,14.584263,12.278341,17.99352,,,,
right_half_paresis,5,1.0,False,,,,,,,,,,3.0025196,2.2721949,7.539481,6.9507766
right_half_paresis,5,0.75,False,,,,,,,,,,2.6786916,2.9720216,5.8924446,8.053442
right_half_paresis,5,0.7,False,,,,,,,,,,3.6676831,4.6492996,7.2791567,10.297727
right_half_paresis,5,0.65,True,169,16.277596,19.745613,23.895357,23.134726,11.221541,14.290738,16.504337,21.456919,,,,
right_half_paresis,5,0.6,True,121,13.672375,18.721346,19.574217,19.102745,10.51825,15.794277,14.537027,20.675528,,,,
right_half_paresis,5,0.55,True,100,11.968827,21.199348,13.320477,35.00956,9.720913,15.538366,12.568628,21.083324,,,,
right_half_paresis,6,1.0,False,,,,,,,,,,2.4281409,2.4798121,7.9526186,7.3138995
right_half_paresis,6,0.75,False,,,,,,,,,,2.7180398,2.8066626,6.1794696,8.813396
right_half_paresis,6,0.7,False,,,,,,,,,,3.1412776,3.5947084,6.8504086,10.267847
right_half_paresis,6,0.65,True,228,10.335936,15.629129,12.054081,28.672112,8.984598,12.631963,14.793523,23.35993,,,,
right_half_paresis,6,0.6,True,145,10.596981,15.803372,15.930394,23.109795,9.103758,12.162135,12.784292,22.13223,,,,
right_half_paresis,6,0.55,True,107,7.0769367,15.369568,11.158178,26.750637,7.707954,12.776122,11.135526,22.4373,,,,
right_half_paresis,7,1.0,False,,,,,,,,,,2.615808,2.2672508,7.028512,6.599248
right_half_paresis,7,0.75,False,,,,,,,,,,2.5093656,2.3428237,5.4645805,7.7026386
right_half_paresis,7,0.7,False,,,,,,,,,,2.564093,2.7791712,5.679664,8.300318
right_half_paresis,7,0.65,False,,,,,,,,,,2.9615455,3.7881262,6.418954,9.24661
right_half_paresis,7,0.6,True,152,14.0975485,17.882927,19.651228,19.609966,10.417085,15.389617,14.120228,20.588537,,,,
right_half_paresis,7,0.55,True,116,13.102159,16.905308,19.071564,17.07326,9.251263,14.141969,12.733042,19.947412,,,,
right_half_paresis,8,1.0,False,,,,,,,,,,3.6571805,2.435345,8.364441,6.6916637
right_half_paresis,8,0.75,False,,,,,,,,,,2.6334257,3.3032484,6.355796,8.378992
right_half_paresis,8,0.7,False,,,,,,,,,,3.1084497,5.3445616,7.2393694,10.723428
right_half_paresis,8,0.65,True,203,13.618476,19.475124,19.300621,24.95588,9.356148,14.796273,12.3707,20.00028,,,,
right_half_paresis,8,0.6,True,105,13.217317,14.403324,18.32831,24.999807,9.565564,13.436885,13.376717,17.918396,,,,
right_half_paresis,8,0.55,True,80,15.067607,13.185213,22.0532,20.652523,9.065449,9.817856,12.227155,16.059229,,,,
left_half_paresis,1,1.0,False,,,,,,,,,,2.3320134,2.847584,6.8069496,7.5409727
left_half_paresis,1,0.75,False,,,,,,,,,,2.2125316,3.080415,5.7644343,8.601183
left_half_paresis,1,0.7,False,,,,,,,,,,2.473972,3.5659308,5.9947343,9.541442
left_half_paresis,1,0.65,False,,,,,,,,,,3.9058857,6.6173973,7.845886,14.241469
left_half_paresis,1,0.6,False,,,,,,,,,,4.1993165,9.3288355,7.0069704,16.587456
left_half_paresis,1,0.55,True,151,9.968394,26.044903,16.60913,39.184288,7.8148766,20.184547,11.253457,31.364311,,,,
left_half_paresis,2,1.0,False,,,,,,,,,,2.725803,2.7236605,7.6838365,7.2213926
left_half_paresis,2,0.75,False,,,,,,,,,,2.1807697,2.9587336,5.742087,8.201327
left_half_paresis,2,0.7,False,,,,,,,,,,2.2207181,3.186466,5.5231957,8.458492
left_half_paresis,2,0.65,False,,,,,,,,,,2.5776348,3.9197888,5.911669,9.504938
left_half_paresis,2,0.6,False,,,,,,,,,,3.1908503,5.9688387,6.9047627,12.093288
left_half_paresis,2,0.55,True,152,11.515409,15.668004,18.06404,15.247563,9.097567,13.268058,13.200194,20.889664,,,,
left_half_paresis,3,1.0,False,,,,,,,,,,2.6133807,2.783544,6.799031,7.4691052
left_half_paresis,3,0.75,False,,,,,,,,,,2.4110744,2.7192788,5.6651635,8.558293
left_half_paresis,3,0.7,False,,,,,,,,,,2.5045962,2.9103768,5.7989902,9.053823
left_half_paresis,3,0.65,False,,,,,,,,,,3.0960145,4.9965563,7.9736385,12.321572
left_half_paresis,3,0.6,True,159,12.961953,18.56604,20.669151,22.282597,9.315874,12.733401,14.489071,21.329807,,,,
left_half_paresis,3,0.55,True,127,10.280949,16.063084,16.053606,14.746021,7.926197,12.505558,12.359515,21.023598,,,,
left_half_paresis,4,1.0,False,,,,,,,,,,2.7242587,2.5785894,7.2336316,7.6360054
left_half_paresis,4,0.75,False,,,,,,,,,,2.157998,2.567771,5.608206,8.054996
left_half_paresis,4,0.7,False,,,,,,,,,,2.267913,2.9332886,5.5162807,8.397555
left_half_paresis,4,0.65,False,,,,,,,,,,2.8397708,4.273817,6.089043,9.551647
left_half_paresis,4,0.6,False,,,,,,,,,,3.0721085,5.478227,5.9047637,11.500463
left_half_paresis,4,0.55,True,131,9.29993,18.190222,11.953887,24.948341,7.5476136,16.246038,8.50439,22.037945,,,,
left_half_paresis,5,1.0,False,,,,,,,,,,2.3334246,2.8158343,7.2224736,7.208345
left_half_paresis,5,0.75,False,,,,,,,,,,2.213664,2.8428638,5.493851,8.1037035
left_half_paresis,5,0.7,False,,,,,,,,,,2.3805628,3.0427523,5.3485537,8.388573
left_half_paresis,5,0.65,False,,,,,,,,,,2.6253643,3.4809155,5.3360267,8.925476
left_half_paresis,5,0.6,False,,,,,,,,,,3.514727,6.7702746,6.3231926,12.972225
left_half_paresis,5,0.55,True,179,10.750164,23.568377,14.10543,34.97508,7.561665,21.026308,10.972359,28.691216,,,,
left_half_paresis,6,1.0,False,,,,,,,,,,2.6973584,2.261073,7.721713,7.5015106
left_half_paresis,6,0.75,False,,,,,,,,,,2.057558,2.7771065,5.762926,8.974027
left_half_paresis,6,0.7,False,,,,,,,,,,2.236713,3.07798,5.6533813,9.404969
left_half_paresis,6,0.65,False,,,,,,,,,,3.1189435,5.6611423,7.3826165,12.812081
left_half_paresis,6,0.6,True,145,11.387015,17.554916,21.754656,23.935743,7.6845636,12.290693,12.473019,20.07429,,,,
left_half_paresis,6,0.55,True,107,11.006683,18.886326,18.54669,22.832834,6.817084,14.592252,10.27952,19.929039,,,,
left_half_paresis,7,1.0,False,,,,,,,,,,2.4910467,2.3686466,6.9247894,6.6835866
left_half_paresis,7,0.75,False,,,,,,,,,,2.1518588,2.910725,5.928794,8.1898575
left_half_paresis,7,0.7,False,,,,,,,,,,2.4296286,3.838431,6.1708727,9.109374
left_half_paresis,7,0.65,False,,,,,,,,,,3.1479974,6.1442523,6.9250393,12.18475
left_half_paresis,7,0.6,False,,,,,,,,,,3.7271783,7.8167586,6.9651475,14.887737
left_half_paresis,7,0.55,True,212,11.264907,22.527271,16.80834,34.10394,7.6196513,18.922205,11.249734,28.380848,,,,
left_half_paresis,8,1.0,False,,,,,,,,,,2.5763128,3.3135498,7.165927,7.6654553
left_half_paresis,8,0.75,False,,,,,,,,,,2.453085,3.3790448,6.097931,8.795409
left_half_paresis,8,0.7,False,,,,,,,,,,3.3585813,4.330517,6.8832545,9.902617
left_half_paresis,8,0.65,True,164,11.760493,26.48832,17.304192,41.18247,8.637229,16.282997,12.740698,25.59516,,,,
left_half_paresis,8,0.6,True,109,11.665239,17.479927,17.880949,21.522146,8.557367,12.596999,11.039938,18.35152,,,,
left_half_paresis,8,0.55,True,98,11.908066,15.265966,14.197515,11.83246,8.152378,12.366088,10.844176,16.306196,,,,
