condition,seed,level,ic,fell_over,fall_step
right_half_paresis,1,0.75,0,False,
right_half_paresis,1,0.75,1,False,
right_half_paresis,1,0.75,2,False,
right_half_paresis,1,0.75,3,False,
right_half_paresis,1,0.75,4,False,
right_half_paresis,1,0.75,5,False,
right_half_paresis,1,0.75,6,False,
right_half_paresis,1,0.75,7,False,
right_half_paresis,1,0.75,8,False,
right_half_paresis,1,0.75,9,False,
right_half_paresis,1,0.7,0,True,236.0
right_half_paresis,1,0.7,1,True,113.0
right_half_paresis,1,0.7,2,True,213.0
right_half_paresis,1,0.7,3,True,170.0
right_half_paresis,1,0.7,4,True,236.0
right_half_paresis,1,0.7,5,True,240.0
right_half_paresis,1,0.7,6,True,149.0
right_half_paresis,1,0.7,7,True,140.0
right_half_paresis,1,0.7,8,False,
right_half_paresis,1,0.7,9,True,163.0
right_half_paresis,1,0.65,0,True,134
right_half_paresis,1,0.65,1,True,76
right_half_paresis,1,0.65,2,True,134
right_half_paresis,1,0.65,3,True,124
right_half_paresis,1,0.65,4,True,69
right_half_paresis,1,0.65,5,True,132
right_half_paresis,1,0.65,6,True,115
right_half_paresis,1,0.65,7,True,82
right_half_paresis,1,0.65,8,True,222
right_half_paresis,1,0.65,9,True,118
right_half_paresis,1,0.6,0,True,111
right_half_paresis,1,0.6,1,True,66
right_half_paresis,1,0.6,2,True,109
right_half_paresis,1,0.6,3,True,103
right_half_paresis,1,0.6,4,True,77
right_half_paresis,1,0.6,5,True,102
right_half_paresis,1,0.6,6,True,99
right_half_paresis,1,0.6,7,True,69
right_half_paresis,1,0.6,8,True,137
right_half_paresis,1,0.6,9,True,101
right_half_paresis,1,0.55,0,True,80
right_half_paresis,1,0.55,1,True,64
right_half_paresis,1,0.55,2,True,94
right_half_paresis,1,0.55,3,True,92
right_half_paresis,1,0.55,4,True,74
right_half_paresis,1,0.55,5,True,85
right_half_paresis,1,0.55,6,True,88
right_half_paresis,1,0.55,7,True,66
right_half_paresis,1,0.55,8,True,96
right_half_paresis,1,0.55,9,True,90
right_half_paresis,2,0.75,0,False,
right_half_paresis,2,0.75,1,False,
right_half_paresis,2,0.75,2,False,
right_half_paresis,2,0.75,3,False,
right_half_paresis,2,0.75,4,False,
right_half_paresis,2,0.75,5,False,
right_half_paresis,2,0.75,6,False,
right_half_paresis,2,0.75,7,False,
right_half_paresis,2,0.75,8,False,
right_half_paresis,2,0.75,9,False,
right_half_paresis,2,0.7,0,False,
right_half_paresis,2,0.7,1,False,
right_half_paresis,2,0.7,2,False,
right_half_paresis,2,0.7,3,False,
right_half_paresis,2,0.7,4,False,
right_half_paresis,2,0.7,5,False,
right_half_paresis,2,0.7,6,False,
right_half_paresis,2,0.7,7,True,219.0
right_half_paresis,2,0.7,8,False,
right_half_paresis,2,0.7,9,False,
right_half_paresis,2,0.65,0,False,
right_half_paresis,2,0.65,1,True,76.0
right_half_paresis,2,0.65,2,True,228.0
right_half_paresis,2,0.65,3,True,164.0
right_half_paresis,2,0.65,4,False,
right_half_paresis,2,0.65,5,True,201.0
right_half_paresis,2,0.65,6,True,144.0
right_half_paresis,2,0.65,7,True,111.0
right_half_paresis,2,0.65,8,False,
right_half_paresis,2,0.65,9,True,163.0
right_half_paresis,2,0.6,0,True,154.0
right_half_paresis,2,0.6,1,True,70.0
right_half_paresis,2,0.6,2,True,133.0
right_half_paresis,2,0.6,3,True,137.0
right_half_paresis,2,0.6,4,True,92.0
right_half_paresis,2,0.6,5,True,122.0
right_half_paresis,2,0.6,6,True,129.0
right_half_paresis,2,0.6,7,True,87.0
right_half_paresis,2,0.6,8,False,
right_half_paresis,2,0.6,9,True,129.0
right_half_paresis,2,0.55,0,True,128
right_half_paresis,2,0.55,1,True,69
right_half_paresis,2,0.55,2,True,122
right_half_paresis,2,0.55,3,True,116
right_half_paresis,2,0.55,4,True,81
right_half_paresis,2,0.55,5,True,107
right_half_paresis,2,0.55,6,True,110
right_half_paresis,2,0.55,7,True,72
right_half_paresis,2,0.55,8,True,164
right_half_paresis,2,0.55,9,True,113
right_half_paresis,3,0.75,0,False,
right_half_paresis,3,0.75,1,False,
right_half_paresis,3,0.75,2,False,
right_half_paresis,3,0.75,3,False,
right_half_paresis,3,0.75,4,False,
right_half_paresis,3,0.75,5,False,
right_half_paresis,3,0.75,6,False,
right_half_paresis,3,0.75,7,False,
right_half_paresis,3,0.75,8,False,
right_half_paresis,3,0.75,9,False,
right_half_paresis,3,0.7,0,False,
right_half_paresis,3,0.7,1,False,
right_half_paresis,3,0.7,2,False,
right_half_paresis,3,0.7,3,False,
right_half_paresis,3,0.7,4,False,
right_half_paresis,3,0.7,5,False,
right_half_paresis,3,0.7,6,False,
right_half_paresis,3,0.7,7,False,
right_half_paresis,3,0.7,8,False,
right_half_paresis,3,0.7,9,False,
right_half_paresis,3,0.65,0,False,
right_half_paresis,3,0.65,1,True,120.0
right_half_paresis,3,0.65,2,False,
right_half_paresis,3,0.65,3,False,
right_half_paresis,3,0.65,4,False,
right_half_paresis,3,0.65,5,False,
right_half_paresis,3,0.65,6,True,202.0
right_half_paresis,3,0.65,7,True,161.0
right_half_paresis,3,0.65,8,False,
right_half_paresis,3,0.65,9,True,202.0
right_half_paresis,3,0.6,0,True,173.0
right_half_paresis,3,0.6,1,True,83.0
right_half_paresis,3,0.6,2,True,157.0
right_half_paresis,3,0.6,3,True,144.0
right_half_paresis,3,0.6,4,True,161.0
right_half_paresis,3,0.6,5,True,142.0
right_half_paresis,3,0.6,6,True,134.0
right_half_paresis,3,0.6,7,True,88.0
right_half_paresis,3,0.6,8,False,
right_half_paresis,3,0.6,9,True,129.0
right_half_paresis,3,0.55,0,True,130
right_half_paresis,3,0.55,1,True,69
right_half_paresis,3,0.55,2,True,104
right_half_paresis,3,0.55,3,True,115
right_half_paresis,3,0.55,4,True,78
right_half_paresis,3,0.55,5,True,103
right_half_paresis,3,0.55,6,True,110
right_half_paresis,3,0.55,7,True,69
right_half_paresis,3,0.55,8,True,129
right_half_paresis,3,0.55,9,True,111
right_half_paresis,4,0.75,0,False,
right_half_paresis,4,0.75,1,False,
right_half_paresis,4,0.75,2,False,
right_half_paresis,4,0.75,3,False,
right_half_paresis,4,0.75,4,False,
right_half_paresis,4,0.75,5,False,
right_half_paresis,4,0.75,6,False,
right_half_paresis,4,0.75,7,False,
right_half_paresis,4,0.75,8,False,
right_half_paresis,4,0.75,9,False,
right_half_paresis,4,0.7,0,False,
right_half_paresis,4,0.7,1,True,153.0
right_half_paresis,4,0.7,2,True,189.0
right_half_paresis,4,0.7,3,True,183.0
right_half_paresis,4,0.7,4,False,
right_half_paresis,4,0.7,5,False,
right_half_paresis,4,0.7,6,True,169.0
right_half_paresis,4,0.7,7,True,145.0
right_half_paresis,4,0.7,8,False,
right_half_paresis,4,0.7,9,True,180.0
right_half_paresis,4,0.65,0,True,138
right_half_paresis,4,0.65,1,True,76
right_half_paresis,4,0.65,2,True,122
right_half_paresis,4,0.65,3,True,120
right_half_paresis,4,0.65,4,True,118
right_half_paresis,4,0.65,5,True,116
right_half_paresis,4,0.65,6,True,117
right_half_paresis,4,0.65,7,True,89
right_half_paresis,4,0.65,8,True,164
right_half_paresis,4,0.65,9,True,121
right_half_paresis,4,0.6,0,True,110
right_half_paresis,4,0.6,1,True,67
right_half_paresis,4,0.6,2,True,107
right_half_paresis,4,0.6,3,True,105
right_half_paresis,4,0.6,4,True,78
right_half_paresis,4,0.6,5,True,89
right_half_paresis,4,0.6,6,True,90
right_half_paresis,4,0.6,7,True,73
right_half_paresis,4,0.6,8,True,111
right_half_paresis,4,0.6,9,True,96
right_half_paresis,4,0.55,0,True,94
right_half_paresis,4,0.55,1,True,66
right_half_paresis,4,0.55,2,True,94
right_half_paresis,4,0.55,3,True,94
right_half_paresis,4,0.55,4,True,68
right_half_paresis,4,0.55,5,True,76
right_half_paresis,4,0.55,6,True,79
right_half_paresis,4,0.55,7,True,69
right_half_paresis,4,0.55,8,True,94
right_half_paresis,4,0.55,9,True,80
right_half_paresis,5,0.75,0,False,
right_half_paresis,5,0.75,1,False,
right_half_paresis,5,0.75,2,False,
right_half_paresis,5,0.75,3,False,
right_half_paresis,5,0.75,4,False,
right_half_paresis,5,0.75,5,False,
right_half_paresis,5,0.75,6,False,
right_half_paresis,5,0.75,7,False,
right_half_paresis,5,0.75,8,False,
right_half_paresis,5,0.75,9,False,
right_half_paresis,5,0.7,0,False,
right_half_paresis,5,0.7,1,True,206.0
right_half_paresis,5,0.7,2,True,242.0
right_half_paresis,5,0.7,3,True,244.0
right_half_paresis,5,0.7,4,False,
right_half_paresis,5,0.7,5,True,249.0
right_half_paresis,5,0.7,6,True,213.0
right_half_paresis,5,0.7,7,False,
right_half_paresis,5,0.7,8,False,
right_half_paresis,5,0.7,9,True,219.0
right_half_paresis,5,0.65,0,True,169.0
right_half_paresis,5,0.65,1,True,71.0
right_half_paresis,5,0.65,2,True,137.0
right_half_paresis,5,0.65,3,True,141.0
right_half_paresis,5,0.65,4,True,86.0
right_half_paresis,5,0.65,5,True,135.0
right_half_paresis,5,0.65,6,True,132.0
right_half_paresis,5,0.65,7,True,69.0
right_half_paresis,5,0.65,8,False,
right_half_paresis,5,0.65,9,True,131.0
right_half_paresis,5,0.6,0,True,121
right_half_paresis,5,0.6,1,True,66
right_half_paresis,5,0.6,2,True,98
right_half_paresis,5,0.6,3,True,114
right_half_paresis,5,0.6,4,True,75
right_half_paresis,5,0.6,5,True,86
right_half_paresis,5,0.6,6,True,99
right_half_paresis,5,0.6,7,True,73
right_half_paresis,5,0.6,8,True,127
right_half_paresis,5,0.6,9,True,95
right_half_paresis,5,0.55,0,True,100
right_half_paresis,5,0.55,1,True,65
right_half_paresis,5,0.55,2,True,85
right_half_paresis,5,0.55,3,True,98
right_half_paresis,5,0.55,4,True,69
right_half_paresis,5,0.55,5,True,78
right_half_paresis,5,0.55,6,True,86
right_half_paresis,5,0.55,7,True,69
right_half_paresis,5,0.55,8,True,102
right_half_paresis,5,0.55,9,True,86
right_half_paresis,6,0.75,0,False,
right_half_paresis,6,0.75,1,False,
right_half_paresis,6,0.75,2,False,
right_half_paresis,6,0.75,3,False,
right_half_paresis,6,0.75,4,False,
right_half_paresis,6,0.75,5,False,
right_half_paresis,6,0.75,6,False,
right_half_paresis,6,0.75,7,False,
right_half_paresis,6,0.75,8,False,
right_half_paresis,6,0.75,9,False,
right_half_paresis,6,0.7,0,False,
right_half_paresis,6,0.7,1,False,
right_half_paresis,6,0.7,2,False,
right_half_paresis,6,0.7,3,False,
right_half_paresis,6,0.7,4,False,
right_half_paresis,6,0.7,5,False,
right_half_paresis,6,0.7,6,False,
right_half_paresis,6,0.7,7,False,
right_half_paresis,6,0.7,8,False,
right_half_paresis,6,0.7,9,False,
right_half_paresis,6,0.65,0,True,228.0
right_half_paresis,6,0.65,1,True,127.0
right_half_paresis,6,0.65,2,True,187.0
right_half_paresis,6,0.65,3,True,181.0
right_half_paresis,6,0.65,4,False,
right_half_paresis,6,0.65,5,True,166.0
right_half_paresis,6,0.65,6,True,159.0
right_half_paresis,6,0.65,7,True,147.0
right_half_paresis,6,0.65,8,False,
right_half_paresis,6,0.65,9,True,159.0
right_half_paresis,6,0.6,0,True,145
right_half_paresis,6,0.6,1,True,81
right_half_paresis,6,0.6,2,True,136
right_half_paresis,6,0.6,3,True,128
right_half_paresis,6,0.6,4,True,134
right_half_paresis,6,0.6,5,True,110
right_half_paresis,6,0.6,6,True,117
right_half_paresis,6,0.6,7,True,85
right_half_paresis,6,0.6,8,True,163
right_half_paresis,6,0.6,9,True,116
right_half_paresis,6,0.55,0,True,107
right_half_paresis,6,0.55,1,True,67
right_half_paresis,6,0.55,2,True,103
right_half_paresis,6,0.55,3,True,110
right_half_paresis,6,0.55,4,True,92
right_half_paresis,6,0.55,5,True,93
right_half_paresis,6,0.55,6,True,96
right_half_paresis,6,0.55,7,True,77
right_half_paresis,6,0.55,8,True,100
right_half_paresis,6,0.55,9,True,98
right_half_paresis,7,0.75,0,False,
right_half_paresis,7,0.75,1,False,
right_half_paresis,7,0.75,2,False,
right_half_paresis,7,0.75,3,False,
right_half_paresis,7,0.75,4,False,
right_half_paresis,7,0.75,5,False,
right_half_paresis,7,0.75,6,False,
right_half_paresis,7,0.75,7,False,
right_half_paresis,7,0.75,8,False,
right_half_paresis,7,0.75,9,False,
right_half_paresis,7,0.7,0,False,
right_half_paresis,7,0.7,1,False,
right_half_paresis,7,0.7,2,False,
right_half_paresis,7,0.7,3,False,
right_half_paresis,7,0.7,4,False,
right_half_paresis,7,0.7,5,False,
right_half_paresis,7,0.7,6,False,
right_half_paresis,7,0.7,7,True,179.0
right_half_paresis,7,0.7,8,False,
right_half_paresis,7,0.7,9,False,
right_half_paresis,7,0.65,0,False,
right_half_paresis,7,0.65,1,True,112.0
right_half_paresis,7,0.65,2,True,151.0
right_half_paresis,7,0.65,3,True,142.0
right_half_paresis,7,0.65,4,False,
right_half_paresis,7,0.65,5,True,236.0
right_half_paresis,7,0.65,6,True,138.0
right_half_paresis,7,0.65,7,True,118.0
right_half_paresis,7,0.65,8,False,
right_half_paresis,7,0.65,9,True,139.0
right_half_paresis,7,0.6,0,True,152
right_half_paresis,7,0.6,1,True,86
right_half_paresis,7,0.6,2,True,130
right_half_paresis,7,0.6,3,True,118
right_half_paresis,7,0.6,4,True,130
right_half_paresis,7,0.6,5,True,109
right_half_paresis,7,0.6,6,True,109
right_half_paresis,7,0.6,7,True,96
right_half_paresis,7,0.6,8,True,194
right_half_paresis,7,0.6,9,True,116
right_half_paresis,7,0.55,0,True,115
right_half_paresis,7,0.55,1,True,69
right_half_paresis,7,0.55,2,True,114
right_half_paresis,7,0.55,3,True,106
right_half_paresis,7,0.55,4,True,89
right_half_paresis,7,0.55,5,True,90
right_half_paresis,7,0.55,6,True,98
right_half_paresis,7,0.55,7,True,79
right_half_paresis,7,0.55,8,True,120
right_half_paresis,7,0.55,9,True,107
right_half_paresis,8,0.75,0,False,
right_half_paresis,8,0.75,1,True,74.0
right_half_paresis,8,0.75,2,False,
right_half_paresis,8,0.75,3,False,
right_half_paresis,8,0.75,4,False,
right_half_paresis,8,0.75,5,False,
right_half_paresis,8,0.75,6,False,
right_half_paresis,8,0.75,7,False,
right_half_paresis,8,0.75,8,False,
right_half_paresis,8,0.75,9,False,
right_half_paresis,8,0.7,0,False,
right_half_paresis,8,0.7,1,True,65.0
right_half_paresis,8,0.7,2,False,
right_half_paresis,8,0.7,3,False,
right_half_paresis,8,0.7,4,False,
right_half_paresis,8,0.7,5,False,
right_half_paresis,8,0.7,6,True,126.0
right_half_paresis,8,0.7,7,True,148.0
right_half_paresis,8,0.7,8,False,
right_half_paresis,8,0.7,9,True,145.0
right_half_paresis,8,0.65,0,True,208.0
right_half_paresis,8,0.65,1,True,73.0
right_half_paresis,8,0.65,2,True,177.0
right_half_paresis,8,0.65,3,True,147.0
right_half_paresis,8,0.65,4,True,84.0
right_half_paresis,8,0.65,5,True,76.0
right_half_paresis,8,0.65,6,True,86.0
right_half_paresis,8,0.65,7,True,80.0
right_half_paresis,8,0.65,8,False,
right_half_paresis,8,0.65,9,True,82.0
right_half_paresis,8,0.6,0,True,105
right_half_paresis,8,0.6,1,True,65
right_half_paresis,8,0.6,2,True,114
right_half_paresis,8,0.6,3,True,112
right_half_paresis,8,0.6,4,True,64
right_half_paresis,8,0.6,5,True,76
right_half_paresis,8,0.6,6,True,83
right_half_paresis,8,0.6,7,True,75
right_half_paresis,8,0.6,8,True,146
right_half_paresis,8,0.6,9,True,79
right_half_paresis,8,0.55,0,True,80
right_half_paresis,8,0.55,1,True,62
right_half_paresis,8,0.55,2,True,94
right_half_paresis,8,0.55,3,True,91
right_half_paresis,8,0.55,4,True,64
right_half_paresis,8,0.55,5,True,72
right_half_paresis,8,0.55,6,True,76
right_half_paresis,8,0.55,7,True,69
right_half_paresis,8,0.55,8,True,77
right_half_paresis,8,0.55,9,True,75
left_half_paresis,1,0.75,0,False,
left_half_paresis,1,0.75,1,False,
left_half_paresis,1,0.75,2,False,
left_half_paresis,1,0.75,3,False,
left_half_paresis,1,0.75,4,False,
left_half_paresis,1,0.75,5,False,
left_half_paresis,1,0.75,6,False,
left_half_paresis,1,0.75,7,False,
left_half_paresis,1,0.75,8,False,
left_half_paresis,1,0.75,9,False,
left_half_paresis,1,0.7,0,False,
left_half_paresis,1,0.7,1,True,248.0
left_half_paresis,1,0.7,2,True,187.0
left_half_paresis,1,0.7,3,True,249.0
left_half_paresis,1,0.7,4,False,
left_half_paresis,1,0.7,5,False,
left_half_paresis,1,0.7,6,False,
left_half_paresis,1,0.7,7,False,
left_half_paresis,1,0.7,8,True,184.0
left_half_paresis,1,0.7,9,False,
left_half_paresis,1,0.65,0,False,
left_half_paresis,1,0.65,1,True,162.0
left_half_paresis,1,0.65,2,True,150.0
left_half_paresis,1,0.65,3,True,162.0
left_half_paresis,1,0.65,4,False,
left_half_paresis,1,0.65,5,True,162.0
left_half_paresis,1,0.65,6,True,173.0
left_half_paresis,1,0.65,7,False,
left_half_paresis,1,0.65,8,True,126.0
left_half_paresis,1,0.65,9,True,171.0
left_half_paresis,1,0.6,0,True,213.0
left_half_paresis,1,0.6,1,True,129.0
left_half_paresis,1,0.6,2,True,132.0
left_half_paresis,1,0.6,3,True,130.0
left_half_paresis,1,0.6,4,True,96.0
left_half_paresis,1,0.6,5,True,130.0
left_half_paresis,1,0.6,6,True,134.0
left_half_paresis,1,0.6,7,False,
left_half_paresis,1,0.6,8,True,101.0
left_half_paresis,1,0.6,9,True,137.0
left_half_paresis,1,0.55,0,True,151.0
left_half_paresis,1,0.55,1,True,87.0
left_half_paresis,1,0.55,2,True,115.0
left_half_paresis,1,0.55,3,True,80.0
left_half_paresis,1,0.55,4,True,77.0
left_half_paresis,1,0.55,5,True,111.0
left_half_paresis,1,0.55,6,True,117.0
left_half_paresis,1,0.55,7,False,
left_half_paresis,1,0.55,8,True,85.0
left_half_paresis,1,0.55,9,True,114.0
left_half_paresis,2,0.75,0,False,
left_half_paresis,2,0.75,1,False,
left_half_paresis,2,0.75,2,False,
left_half_paresis,2,0.75,3,False,
left_half_paresis,2,0.75,4,False,
left_half_paresis,2,0.75,5,False,
left_half_paresis,2,0.75,6,False,
left_half_paresis,2,0.75,7,False,
left_half_paresis,2,0.75,8,False,
left_half_paresis,2,0.75,9,False,
left_half_paresis,2,0.7,0,False,
left_half_paresis,2,0.7,1,False,
left_half_paresis,2,0.7,2,False,
left_half_paresis,2,0.7,3,False,
left_half_paresis,2,0.7,4,False,
left_half_paresis,2,0.7,5,False,
left_half_paresis,2,0.7,6,False,
left_half_paresis,2,0.7,7,False,
left_half_paresis,2,0.7,8,False,
left_half_paresis,2,0.7,9,False,
left_half_paresis,2,0.65,0,False,
left_half_paresis,2,0.65,1,False,
left_half_paresis,2,0.65,2,True,192.0
left_half_paresis,2,0.65,3,False,
left_half_paresis,2,0.65,4,False,
left_half_paresis,2,0.65,5,False,
left_half_paresis,2,0.65,6,False,
left_half_paresis,2,0.65,7,False,
left_half_paresis,2,0.65,8,True,202.0
left_half_paresis,2,0.65,9,False,
left_half_paresis,2,0.6,0,False,
left_half_paresis,2,0.6,1,False,
left_half_paresis,2,0.6,2,True,142.0
left_half_paresis,2,0.6,3,True,168.0
left_half_paresis,2,0.6,4,False,
left_half_paresis,2,0.6,5,True,170.0
left_half_paresis,2,0.6,6,True,186.0
left_half_paresis,2,0.6,7,False,
left_half_paresis,2,0.6,8,True,86.0
left_half_paresis,2,0.6,9,True,181.0
left_half_paresis,2,0.55,0,True,152.0
left_half_paresis,2,0.55,1,True,128.0
left_half_paresis,2,0.55,2,True,112.0
left_half_paresis,2,0.55,3,True,125.0
left_half_paresis,2,0.55,4,True,134.0
left_half_paresis,2,0.55,5,True,101.0
left_half_paresis,2,0.55,6,True,129.0
left_half_paresis,2,0.55,7,False,
left_half_paresis,2,0.55,8,True,69.0
left_half_paresis,2,0.55,9,True,130.0
left_half_paresis,3,0.75,0,False,
left_half_paresis,3,0.75,1,False,
left_half_paresis,3,0.75,2,False,
left_half_paresis,3,0.75,3,False,
left_half_paresis,3,0.75,4,False,
left_half_paresis,3,0.75,5,False,
left_half_paresis,3,0.75,6,False,
left_half_paresis,3,0.75,7,False,
left_half_paresis,3,0.75,8,False,
left_half_paresis,3,0.75,9,False,
left_half_paresis,3,0.7,0,False,
left_half_paresis,3,0.7,1,False,
left_half_paresis,3,0.7,2,True,218.0
left_half_paresis,3,0.7,3,False,
left_half_paresis,3,0.7,4,False,
left_half_paresis,3,0.7,5,False,
left_half_paresis,3,0.7,6,False,
left_half_paresis,3,0.7,7,False,
left_half_paresis,3,0.7,8,True,189.0
left_half_paresis,3,0.7,9,False,
left_half_paresis,3,0.65,0,False,
left_half_paresis,3,0.65,1,True,185.0
left_half_paresis,3,0.65,2,True,149.0
left_half_paresis,3,0.65,3,True,157.0
left_half_paresis,3,0.65,4,False,
left_half_paresis,3,0.65,5,True,182.0
left_half_paresis,3,0.65,6,True,186.0
left_half_paresis,3,0.65,7,False,
left_half_paresis,3,0.65,8,True,117.0
left_half_paresis,3,0.65,9,True,179.0
left_half_paresis,3,0.6,0,True,160.0
left_half_paresis,3,0.6,1,True,124.0
left_half_paresis,3,0.6,2,True,118.0
left_half_paresis,3,0.6,3,True,125.0
left_half_paresis,3,0.6,4,True,81.0
left_half_paresis,3,0.6,5,True,131.0
left_half_paresis,3,0.6,6,True,135.0
left_half_paresis,3,0.6,7,False,
left_half_paresis,3,0.6,8,True,76.0
left_half_paresis,3,0.6,9,True,131.0
left_half_paresis,3,0.55,0,True,128
left_half_paresis,3,0.55,1,True,96
left_half_paresis,3,0.55,2,True,92
left_half_paresis,3,0.55,3,True,78
left_half_paresis,3,0.55,4,True,70
left_half_paresis,3,0.55,5,True,101
left_half_paresis,3,0.55,6,True,115
left_half_paresis,3,0.55,7,True,150
left_half_paresis,3,0.55,8,True,68
left_half_paresis,3,0.55,9,True,115
left_half_paresis,4,0.75,0,False,
left_half_paresis,4,0.75,1,False,
left_half_paresis,4,0.75,2,False,
left_half_paresis,4,0.75,3,False,
left_half_paresis,4,0.75,4,False,
left_half_paresis,4,0.75,5,False,
left_half_paresis,4,0.75,6,False,
left_half_paresis,4,0.75,7,False,
left_half_paresis,4,0.75,8,False,
left_half_paresis,4,0.75,9,False,
left_half_paresis,4,0.7,0,False,
left_half_paresis,4,0.7,1,False,
left_half_paresis,4,0.7,2,False,
left_half_paresis,4,0.7,3,False,
left_half_paresis,4,0.7,4,False,
left_half_paresis,4,0.7,5,False,
left_half_paresis,4,0.7,6,False,
left_half_paresis,4,0.7,7,False,
left_half_paresis,4,0.7,8,True,158.0
left_half_paresis,4,0.7,9,False,
left_half_paresis,4,0.65,0,False,
left_half_paresis,4,0.65,1,False,
left_half_paresis,4,0.65,2,True,84.0
left_half_paresis,4,0.65,3,True,103.0
left_half_paresis,4,0.65,4,True,76.0
left_half_paresis,4,0.65,5,False,
left_half_paresis,4,0.65,6,False,
left_half_paresis,4,0.65,7,False,
left_half_paresis,4,0.65,8,True,107.0
left_half_paresis,4,0.65,9,False,
left_half_paresis,4,0.6,0,False,
left_half_paresis,4,0.6,1,True,190.0
left_half_paresis,4,0.6,2,True,83.0
left_half_paresis,4,0.6,3,True,73.0
left_half_paresis,4,0.6,4,True,68.0
left_half_paresis,4,0.6,5,True,85.0
left_half_paresis,4,0.6,6,False,
left_half_paresis,4,0.6,7,False,
left_half_paresis,4,0.6,8,True,74.0
left_half_paresis,4,0.6,9,True,89.0
left_half_paresis,4,0.55,0,True,131.0
left_half_paresis,4,0.55,1,True,77.0
left_half_paresis,4,0.55,2,True,78.0
left_half_paresis,4,0.55,3,True,72.0
left_half_paresis,4,0.55,4,True,65.0
left_half_paresis,4,0.55,5,True,78.0
left_half_paresis,4,0.55,6,True,74.0
left_half_paresis,4,0.55,7,False,
left_half_paresis,4,0.55,8,True,66.0
left_half_paresis,4,0.55,9,True,76.0
left_half_paresis,5,0.75,0,False,
left_half_paresis,5,0.75,1,False,
left_half_paresis,5,0.75,2,False,
left_half_paresis,5,0.75,3,False,
left_half_paresis,5,0.75,4,False,
left_half_paresis,5,0.75,5,False,
left_half_paresis,5,0.75,6,False,
left_half_paresis,5,0.75,7,False,
left_half_paresis,5,0.75,8,False,
left_half_paresis,5,0.75,9,False,
left_half_paresis,5,0.7,0,False,
left_half_paresis,5,0.7,1,False,
left_half_paresis,5,0.7,2,False,
left_half_paresis,5,0.7,3,False,
left_half_paresis,5,0.7,4,False,
left_half_paresis,5,0.7,5,False,
left_half_paresis,5,0.7,6,False,
left_half_paresis,5,0.7,7,False,
left_half_paresis,5,0.7,8,True,240.0
left_half_paresis,5,0.7,9,False,
left_half_paresis,5,0.65,0,False,
left_half_paresis,5,0.65,1,True,240.0
left_half_paresis,5,0.65,2,True,184.0
left_half_paresis,5,0.65,3,False,
left_half_paresis,5,0.65,4,False,
left_half_paresis,5,0.65,5,True,218.0
left_half_paresis,5,0.65,6,False,
left_half_paresis,5,0.65,7,False,
left_half_paresis,5,0.65,8,True,100.0
left_half_paresis,5,0.65,9,False,
left_half_paresis,5,0.6,0,False,
left_half_paresis,5,0.6,1,True,150.0
left_half_paresis,5,0.6,2,True,136.0
left_half_paresis,5,0.6,3,True,158.0
left_half_paresis,5,0.6,4,True,204.0
left_half_paresis,5,0.6,5,True,144.0
left_half_paresis,5,0.6,6,True,174.0
left_half_paresis,5,0.6,7,False,
left_half_paresis,5,0.6,8,True,82.0
left_half_paresis,5,0.6,9,True,162.0
left_half_paresis,5,0.55,0,True,179.0
left_half_paresis,5,0.55,1,True,113.0
left_half_paresis,5,0.55,2,True,115.0
left_half_paresis,5,0.55,3,True,130.0
left_half_paresis,5,0.55,4,True,131.0
left_half_paresis,5,0.55,5,True,118.0
left_half_paresis,5,0.55,6,True,129.0
left_half_paresis,5,0.55,7,False,
left_half_paresis,5,0.55,8,True,75.0
left_half_paresis,5,0.55,9,True,136.0
left_half_paresis,6,0.75,0,False,
left_half_paresis,6,0.75,1,False,
left_half_paresis,6,0.75,2,False,
left_half_paresis,6,0.75,3,False,
left_half_paresis,6,0.75,4,False,
left_half_paresis,6,0.75,5,False,
left_half_paresis,6,0.75,6,False,
left_half_paresis,6,0.75,7,False,
left_half_paresis,6,0.75,8,False,
left_half_paresis,6,0.75,9,False,
left_half_paresis,6,0.7,0,False,
left_half_paresis,6,0.7,1,False,
left_half_paresis,6,0.7,2,False,
left_half_paresis,6,0.7,3,False,
left_half_paresis,6,0.7,4,False,
left_half_paresis,6,0.7,5,False,
left_half_paresis,6,0.7,6,False,
left_half_paresis,6,0.7,7,False,
left_half_paresis,6,0.7,8,True,185.0
left_half_paresis,6,0.7,9,False,
left_half_paresis,6,0.65,0,False,
left_half_paresis,6,0.65,1,False,
left_half_paresis,6,0.65,2,True,139.0
left_half_paresis,6,0.65,3,True,145.0
left_half_paresis,6,0.65,4,False,
left_half_paresis,6,0.65,5,True,171.0
left_half_paresis,6,0.65,6,True,172.0
left_half_paresis,6,0.65,7,False,
left_half_paresis,6,0.65,8,True,82.0
left_half_paresis,6,0.65,9,True,188.0
left_half_paresis,6,0.6,0,True,145.0
left_half_paresis,6,0.6,1,True,175.0
left_half_paresis,6,0.6,2,True,98.0
left_half_paresis,6,0.6,3,True,116.0
left_half_paresis,6,0.6,4,True,82.0
left_half_paresis,6,0.6,5,True,113.0
left_half_paresis,6,0.6,6,True,123.0
left_half_paresis,6,0.6,7,False,
left_half_paresis,6,0.6,8,True,65.0
left_half_paresis,6,0.6,9,True,131.0
left_half_paresis,6,0.55,0,True,106
left_half_paresis,6,0.55,1,True,123
left_half_paresis,6,0.55,2,True,88
left_half_paresis,6,0.55,3,True,96
left_half_paresis,6,0.55,4,True,67
left_half_paresis,6,0.55,5,True,93
left_half_paresis,6,0.55,6,True,110
left_half_paresis,6,0.55,7,True,234
left_half_paresis,6,0.55,8,True,64
left_half_paresis,6,0.55,9,True,108
left_half_paresis,7,0.75,0,False,
left_half_paresis,7,0.75,1,False,
left_half_paresis,7,0.75,2,False,
left_half_paresis,7,0.75,3,False,
left_half_paresis,7,0.75,4,False,
left_half_paresis,7,0.75,5,False,
left_half_paresis,7,0.75,6,False,
left_half_paresis,7,0.75,7,False,
left_half_paresis,7,0.75,8,False,
left_half_paresis,7,0.75,9,False,
left_half_paresis,7,0.7,0,False,
left_half_paresis,7,0.7,1,False,
left_half_paresis,7,0.7,2,False,
left_half_paresis,7,0.7,3,False,
left_half_paresis,7,0.7,4,False,
left_half_paresis,7,0.7,5,False,
left_half_paresis,7,0.7,6,False,
left_half_paresis,7,0.7,7,False,
left_half_paresis,7,0.7,8,False,
left_half_paresis,7,0.7,9,False,
left_half_paresis,7,0.65,0,False,
left_half_paresis,7,0.65,1,False,
left_half_paresis,7,0.65,2,False,
left_half_paresis,7,0.65,3,False,
left_half_paresis,7,0.65,4,False,
left_half_paresis,7,0.65,5,False,
left_half_paresis,7,0.65,6,False,
left_half_paresis,7,0.65,7,False,
left_half_paresis,7,0.65,8,True,148.0
left_half_paresis,7,0.65,9,False,
left_half_paresis,7,0.6,0,False,
left_half_paresis,7,0.6,1,True,143.0
left_half_paresis,7,0.6,2,True,159.0
left_half_paresis,7,0.6,3,True,163.0
left_half_paresis,7,0.6,4,False,
left_half_paresis,7,0.6,5,True,176.0
left_half_paresis,7,0.6,6,False,
left_half_paresis,7,0.6,7,False,
left_half_paresis,7,0.6,8,True,95.0
left_half_paresis,7,0.6,9,False,
left_half_paresis,7,0.55,0,True,212.0
left_half_paresis,7,0.55,1,True,103.0
left_half_paresis,7,0.55,2,True,126.0
left_half_paresis,7,0.55,3,True,136.0
left_half_paresis,7,0.55,4,True,125.0
left_half_paresis,7,0.55,5,True,123.0
left_half_paresis,7,0.55,6,True,137.0
left_half_paresis,7,0.55,7,False,
left_half_paresis,7,0.55,8,True,73.0
left_half_paresis,7,0.55,9,True,128.0
left_half_paresis,8,0.75,0,False,
left_half_paresis,8,0.75,1,False,
left_half_paresis,8,0.75,2,False,
left_half_paresis,8,0.75,3,False,
left_half_paresis,8,0.75,4,False,
left_half_paresis,8,0.75,5,False,
left_half_paresis,8,0.75,6,False,
left_half_paresis,8,0.75,7,False,
left_half_paresis,8,0.75,8,False,
left_half_paresis,8,0.75,9,False,
left_half_paresis,8,0.7,0,False,
left_half_paresis,8,0.7,1,False,
left_half_paresis,8,0.7,2,True,152.0
left_half_paresis,8,0.7,3,False,
left_half_paresis,8,0.7,4,False,
left_half_paresis,8,0.7,5,False,
left_half_paresis,8,0.7,6,False,
left_half_paresis,8,0.7,7,False,
left_half_paresis,8,0.7,8,True,113.0
left_half_paresis,8,0.7,9,False,
left_half_paresis,8,0.65,0,True,164.0
left_half_paresis,8,0.65,1,True,125.0
left_half_paresis,8,0.65,2,True,102.0
left_half_paresis,8,0.65,3,True,110.0
left_half_paresis,8,0.65,4,False,
left_half_paresis,8,0.65,5,True,115.0
left_half_paresis,8,0.65,6,True,125.0
left_half_paresis,8,0.65,7,False,
left_half_paresis,8,0.65,8,True,92.0
left_half_paresis,8,0.65,9,True,125.0
left_half_paresis,8,0.6,0,True,109.0
left_half_paresis,8,0.6,1,True,90.0
left_half_paresis,8,0.6,2,True,92.0
left_half_paresis,8,0.6,3,True,93.0
left_half_paresis,8,0.6,4,True,96.0
left_half_paresis,8,0.6,5,True,99.0
left_half_paresis,8,0.6,6,True,101.0
left_half_paresis,8,0.6,7,False,
left_half_paresis,8,0.6,8,True,74.0
left_half_paresis,8,0.6,9,True,101.0
left_half_paresis,8,0.55,0,True,98
left_half_paresis,8,0.55,1,True,77
left_half_paresis,8,0.55,2,True,86
left_half_paresis,8,0.55,3,True,81
left_half_paresis,8,0.55,4,True,78
left_half_paresis,8,0.55,5,True,80
left_half_paresis,8,0.55,6,True,88
left_half_paresis,8,0.55,7,True,109
left_half_paresis,8,0.55,8,True,68
left_half_paresis,8,0.55,9,True,90
