condition,seed,level,speed_mps,fell_over,fall_step
right_half_paresis,1,1.0,0.5,False,
right_half_paresis,1,0.8,0.5,False,
right_half_paresis,1,0.6,0.5,True,111
right_half_paresis,1,0.4,0.5,True,71
right_half_paresis,1,0.2,0.5,True,67
right_half_paresis,1,0.0,0.5,True,64
right_half_paresis,2,1.0,0.5,False,
right_half_paresis,2,0.8,0.5,False,
right_half_paresis,2,0.6,0.5,True,154
right_half_paresis,2,0.4,0.5,True,97
right_half_paresis,2,0.2,0.5,True,70
right_half_paresis,2,0.0,0.5,True,66
right_half_paresis,3,1.0,0.5,False,
right_half_paresis,3,0.8,0.5,False,
right_half_paresis,3,0.6,0.5,True,174
right_half_paresis,3,0.4,0.5,True,69
right_half_paresis,3,0.2,0.5,True,65
right_half_paresis,3,0.0,0.5,True,62
right_half_paresis,4,1.0,0.5,False,
right_half_paresis,4,0.8,0.5,False,
right_half_paresis,4,0.6,0.5,True,110
right_half_paresis,4,0.4,0.5,True,72
right_half_paresis,4,0.2,0.5,True,68
right_half_paresis,4,0.0,0.5,True,64
right_half_paresis,5,1.0,0.5,False,
right_half_paresis,5,0.8,0.5,False,
right_half_paresis,5,0.6,0.5,True,121
right_half_paresis,5,0.4,0.5,True,76
right_half_paresis,5,0.2,0.5,True,69
right_half_paresis,5,0.0,0.5,True,65
right_half_paresis,6,1.0,0.5,False,
right_half_paresis,6,0.8,0.5,False,
right_half_paresis,6,0.6,0.5,True,145
right_half_paresis,6,0.4,0.5,True,77
right_half_paresis,6,0.2,0.5,True,68
right_half_paresis,6,0.0,0.5,True,64
right_half_paresis,7,1.0,0.5,False,
right_half_paresis,7,0.8,0.5,False,
right_half_paresis,7,0.6,0.5,True,152
right_half_paresis,7,0.4,0.5,True,92
right_half_paresis,7,0.2,0.5,True,71
right_half_paresis,7,0.0,0.5,True,68
right_half_paresis,8,1.0,0.5,False,
right_half_paresis,8,0.8,0.5,False,
right_half_paresis,8,0.6,0.5,True,105
right_half_paresis,8,0.4,0.5,True,73
right_half_paresis,8,0.2,0.5,True,68
right_half_paresis,8,0.0,0.5,True,66
left_half_paresis,1,1.0,0.5,False,
left_half_paresis,1,0.8,0.5,False,
left_half_paresis,1,0.6,0.5,True,213
left_half_paresis,1,0.4,0.5,True,73
left_half_paresis,1,0.2,0.5,True,66
left_half_paresis,1,0.0,0.5,True,61
left_half_paresis,2,1.0,0.5,False,
left_half_paresis,2,0.8,0.5,False,
left_half_paresis,2,0.6,0.5,False,
left_half_paresis,2,0.4,0.5,True,75
left_half_paresis,2,0.2,0.5,True,66
left_half_paresis,2,0.0,0.5,True,65
left_half_paresis,3,1.0,0.5,False,
left_half_paresis,3,0.8,0.5,False,
left_half_paresis,3,0.6,0.5,True,160
left_half_paresis,3,0.4,0.5,True,76
left_half_paresis,3,0.2,0.5,True,71
left_half_paresis,3,0.0,0.5,True,68
left_half_paresis,4,1.0,0.5,False,
left_half_paresis,4,0.8,0.5,False,
left_half_paresis,4,0.6,0.5,False,
left_half_paresis,4,0.4,0.5,True,72
left_half_paresis,4,0.2,0.5,True,68
left_half_paresis,4,0.0,0.5,True,65
left_half_paresis,5,1.0,0.5,False,
left_half_paresis,5,0.8,0.5,False,
left_half_paresis,5,0.6,0.5,False,
left_half_paresis,5,0.4,0.5,True,96
left_half_paresis,5,0.2,0.5,True,77
left_half_paresis,5,0.0,0.5,True,65
left_half_paresis,6,1.0,0.5,False,
left_half_paresis,6,0.8,0.5,False,
left_half_paresis,6,0.6,0.5,True,145
left_half_paresis,6,0.4,0.5,True,74
left_half_paresis,6,0.2,0.5,True,68
left_half_paresis,6,0.0,0.5,True,65
left_half_paresis,7,1.0,0.5,False,
left_half_paresis,7,0.8,0.5,False,
left_half_paresis,7,0.6,0.5,False,
left_half_paresis,7,0.4,0.5,True,85
left_half_paresis,7,0.2,0.5,True,68
left_half_paresis,7,0.0,0.5,True,67
left_half_paresis,8,1.0,0.5,False,
left_half_paresis,8,0.8,0.5,False,
left_half_paresis,8,0.6,0.5,True,109
left_half_paresis,8,0.4,0.5,True,70
left_half_paresis,8,0.2,0.5,True,65
left_half_paresis,8,0.0,0.5,True,64
