group,metric,threshold_diff,spearman_rho,p
leg6,cmd_amp_deg,diff_R_minus_L_pp,-0.4047619047619048,0.3198886412288162
leg6,cmd_amp_deg,single_diff_R_minus_L_pp,-0.1576018096148834,0.7093533525147797
leg6,power_W,diff_R_minus_L_pp,-0.5476190476190477,0.1600256425388966
leg6,power_W,single_diff_R_minus_L_pp,-0.47280542884465016,0.23674621695900244
leg6,torque_Nm,diff_R_minus_L_pp,-0.7619047619047621,0.028004939153071794
leg6,torque_Nm,single_diff_R_minus_L_pp,-0.6425304545837554,0.08576991370796118
leg6,torque_rel,diff_R_minus_L_pp,-0.5000000000000001,0.20703124999999997
leg6,torque_rel,single_diff_R_minus_L_pp,-0.4364357804719847,0.2796582909046579
leg6,track_err_deg,diff_R_minus_L_pp,-0.5952380952380953,0.11952980613879259
leg6,track_err_deg,single_diff_R_minus_L_pp,-0.5940375900868682,0.12047034306891172
side13,cmd_amp_deg,diff_R_minus_L_pp,-0.30952380952380953,0.4556448907375822
side13,cmd_amp_deg,single_diff_R_minus_L_pp,-0.09698572899377439,0.8192888780417207
side13,power_W,diff_R_minus_L_pp,-0.4523809523809524,0.260404767436885
side13,power_W,single_diff_R_minus_L_pp,-0.38794291597509756,0.34229353743162194
side13,torque_Nm,diff_R_minus_L_pp,-0.6190476190476191,0.1017330374542646
side13,torque_Nm,single_diff_R_minus_L_pp,-0.27883397085710143,0.5036528556919295
side13,torque_rel,diff_R_minus_L_pp,-0.11904761904761905,0.7788857260523797
side13,torque_rel,single_diff_R_minus_L_pp,0.20609467411177057,0.6243753960778087
side13,track_err_deg,diff_R_minus_L_pp,-0.3333333333333334,0.4197530864197531
side13,track_err_deg,single_diff_R_minus_L_pp,0.048492864496887195,0.9092183207331314
