seed,speed,group,metric,left,right
1,0.3,side13,track_err_deg,5.611729621887207,6.701901435852051
1,0.3,side13,cmd_amp_deg,6.294665336608887,7.545430660247803
1,0.3,side13,torque_Nm,3.6282474994659424,3.927340269088745
1,0.3,side13,torque_rel,0.05572847751060839,0.06570822238693327
1,0.3,side13,power_W,1.6120096445083618,1.9334821701049805
1,0.3,leg6,track_err_deg,8.786739349365234,9.730560302734375
1,0.3,leg6,cmd_amp_deg,9.961881637573242,11.412107467651367
1,0.3,leg6,torque_Nm,7.081019401550293,7.461512088775635
1,0.3,leg6,torque_rel,0.08134035399577841,0.09024899481135078
1,0.3,leg6,power_W,3.311906099319458,3.7416255474090576
1,0.3,whole,measured_speed_mps,0.232997864484787,0.021834706887602806
1,0.3,whole,falls_out_of_10,0.0,
1,0.3,whole,corr_actuator_force_mapped_vs_pd,0.9983222001849058,
1,0.3,whole,corr_actuator_force_unmapped_vs_pd,-0.03630120926149553,
1,0.3,whole,tau_source=actuator_force_mapped_to_joints,,
1,0.5,side13,track_err_deg,6.176058769226074,7.452338218688965
1,0.5,side13,cmd_amp_deg,7.138502597808838,8.161662101745605
1,0.5,side13,torque_Nm,3.770392894744873,4.196008682250977
1,0.5,side13,torque_rel,0.05866829914318875,0.07032918111229398
1,0.5,side13,power_W,2.8511266708374023,3.1950528621673584
1,0.5,leg6,track_err_deg,9.587852478027344,10.30297565460205
1,0.5,leg6,cmd_amp_deg,11.196796417236328,12.154294967651367
1,0.5,leg6,torque_Nm,7.286977291107178,7.835289001464844
1,0.5,leg6,torque_rel,0.08303909030921933,0.0905346161868575
1,0.5,leg6,power_W,5.960374355316162,6.224442481994629
1,0.5,whole,measured_speed_mps,0.440679132938385,0.015339530073106289
1,0.5,whole,falls_out_of_10,0.0,
1,0.5,whole,corr_actuator_force_mapped_vs_pd,0.9984581459869311,
1,0.5,whole,corr_actuator_force_unmapped_vs_pd,-0.0005579504165877158,
1,0.5,whole,tau_source=actuator_force_mapped_to_joints,,
1,0.7,side13,track_err_deg,6.8363752365112305,8.247625350952148
1,0.7,side13,cmd_amp_deg,7.990384101867676,8.887781143188477
1,0.7,side13,torque_Nm,3.924577236175537,4.413183689117432
1,0.7,side13,torque_rel,0.06269787024258369,0.07618816154654134
1,0.7,side13,power_W,4.217463493347168,4.5464091300964355
1,0.7,leg6,track_err_deg,10.57990550994873,11.039801597595215
1,0.7,leg6,cmd_amp_deg,12.436819076538086,12.888711929321289
1,0.7,leg6,torque_Nm,7.5315399169921875,8.091870307922363
1,0.7,leg6,torque_rel,0.08743232937184245,0.09266913178978878
1,0.7,leg6,power_W,8.876840591430664,8.854341506958008
1,0.7,whole,measured_speed_mps,0.6338485479354858,0.015375285409390926
1,0.7,whole,falls_out_of_10,0.0,
1,0.7,whole,corr_actuator_force_mapped_vs_pd,0.9985865499245022,
1,0.7,whole,corr_actuator_force_unmapped_vs_pd,0.024865359435548642,
1,0.7,whole,tau_source=actuator_force_mapped_to_joints,,
1,0.9,side13,track_err_deg,7.5258331298828125,8.974302291870117
1,0.9,side13,cmd_amp_deg,8.796323776245117,9.655786514282227
1,0.9,side13,torque_Nm,4.1166768074035645,4.609036922454834
1,0.9,side13,torque_rel,0.0670699817037746,0.0818973048253083
1,0.9,side13,power_W,5.634593486785889,5.892971992492676
1,0.9,leg6,track_err_deg,11.61103630065918,11.72107219696045
1,0.9,leg6,cmd_amp_deg,13.602773666381836,13.543230056762695
1,0.9,leg6,torque_Nm,7.858431339263916,8.313159942626953
1,0.9,leg6,torque_rel,0.09254742589805039,0.09498795436276798
1,0.9,leg6,power_W,11.882990837097168,11.472119331359863
1,0.9,whole,measured_speed_mps,0.825997531414032,0.012239073403179646
1,0.9,whole,falls_out_of_10,0.0,
1,0.9,whole,corr_actuator_force_mapped_vs_pd,0.9987228494325145,
1,0.9,whole,corr_actuator_force_unmapped_vs_pd,0.04371216018136567,
1,0.9,whole,tau_source=actuator_force_mapped_to_joints,,
2,0.3,side13,track_err_deg,6.075586795806885,6.377354621887207
2,0.3,side13,cmd_amp_deg,7.011460781097412,6.984594821929932
2,0.3,side13,torque_Nm,3.652411937713623,3.7738037109375
2,0.3,side13,torque_rel,0.06025922753968367,0.06207056654776143
2,0.3,side13,power_W,1.6397031545639038,1.6621465682983398
2,0.3,leg6,track_err_deg,9.36346435546875,9.362055778503418
2,0.3,leg6,cmd_amp_deg,10.842845916748047,10.473970413208008
2,0.3,leg6,torque_Nm,7.0625433921813965,7.211142063140869
2,0.3,leg6,torque_rel,0.08730297798270556,0.08590798176148143
2,0.3,leg6,power_W,3.227804183959961,3.147916555404663
2,0.3,whole,measured_speed_mps,0.19563834369182587,0.029301758855581284
2,0.3,whole,falls_out_of_10,0.0,
2,0.3,whole,corr_actuator_force_mapped_vs_pd,0.9983017079240641,
2,0.3,whole,corr_actuator_force_unmapped_vs_pd,-0.013969793790097865,
2,0.3,whole,tau_source=actuator_force_mapped_to_joints,,
2,0.5,side13,track_err_deg,6.856319427490234,7.080885410308838
2,0.5,side13,cmd_amp_deg,7.802576541900635,7.750142574310303
2,0.5,side13,torque_Nm,3.860088348388672,4.001219272613525
2,0.5,side13,torque_rel,0.06487415242740077,0.06643832070093927
2,0.5,side13,power_W,3.114792585372925,3.154219150543213
2,0.5,leg6,track_err_deg,10.294095993041992,10.287861824035645
2,0.5,leg6,cmd_amp_deg,12.308734893798828,11.601459503173828
2,0.5,leg6,torque_Nm,7.350808620452881,7.560048580169678
2,0.5,leg6,torque_rel,0.09038827938801712,0.08855781233558947
2,0.5,leg6,power_W,6.259463787078857,6.250329494476318
2,0.5,whole,measured_speed_mps,0.40560388565063477,0.018194932490587234
2,0.5,whole,falls_out_of_10,0.0,
2,0.5,whole,corr_actuator_force_mapped_vs_pd,0.9984951022070715,
2,0.5,whole,corr_actuator_force_unmapped_vs_pd,0.02348662122917086,
2,0.5,whole,tau_source=actuator_force_mapped_to_joints,,
2,0.7,side13,track_err_deg,7.535545349121094,7.719732761383057
2,0.7,side13,cmd_amp_deg,8.509485244750977,8.42833137512207
2,0.7,side13,torque_Nm,4.047297477722168,4.218901634216309
2,0.7,side13,torque_rel,0.07015988041289689,0.07063529875542715
2,0.7,side13,power_W,4.721775054931641,4.642935752868652
2,0.7,leg6,track_err_deg,11.073484420776367,11.260376930236816
2,0.7,leg6,cmd_amp_deg,13.366479873657227,12.604884147644043
2,0.7,leg6,torque_Nm,7.5896453857421875,7.937943935394287
2,0.7,leg6,torque_rel,0.09380781763814217,0.09288854094295107
2,0.7,leg6,power_W,9.547310829162598,9.386468887329102
2,0.7,whole,measured_speed_mps,0.6021698117256165,0.01637074537575245
2,0.7,whole,falls_out_of_10,0.0,
2,0.7,whole,corr_actuator_force_mapped_vs_pd,0.9986443278308684,
2,0.7,whole,corr_actuator_force_unmapped_vs_pd,0.04860000737333419,
2,0.7,whole,tau_source=actuator_force_mapped_to_joints,,
2,0.9,side13,track_err_deg,8.148521423339844,8.328784942626953
2,0.9,side13,cmd_amp_deg,9.131488800048828,9.069972038269043
2,0.9,side13,torque_Nm,4.254600524902344,4.472517490386963
2,0.9,side13,torque_rel,0.07550576188422217,0.07503286151775343
2,0.9,side13,power_W,6.169030666351318,6.041962623596191
2,0.9,leg6,track_err_deg,11.754439353942871,12.170267105102539
2,0.9,leg6,cmd_amp_deg,14.183172225952148,13.588319778442383
2,0.9,leg6,torque_Nm,7.870121002197266,8.391833305358887
2,0.9,leg6,torque_rel,0.09698640160138919,0.09757999109460895
2,0.9,leg6,power_W,12.448389053344727,12.3095064163208
2,0.9,whole,measured_speed_mps,0.7955888509750366,0.013157798908650875
2,0.9,whole,falls_out_of_10,0.0,
2,0.9,whole,corr_actuator_force_mapped_vs_pd,0.998769559680307,
2,0.9,whole,corr_actuator_force_unmapped_vs_pd,0.0672640086658144,
2,0.9,whole,tau_source=actuator_force_mapped_to_joints,,
3,0.3,side13,track_err_deg,5.966864585876465,6.379841327667236
3,0.3,side13,cmd_amp_deg,6.301599502563477,7.00940465927124
3,0.3,side13,torque_Nm,3.619706392288208,4.005157470703125
3,0.3,side13,torque_rel,0.06049089828045904,0.0626322753320937
3,0.3,side13,power_W,1.3456169366836548,1.8158155679702759
3,0.3,leg6,track_err_deg,8.774184226989746,9.913103103637695
3,0.3,leg6,cmd_amp_deg,9.839559555053711,11.14999771118164
3,0.3,leg6,torque_Nm,6.87863302230835,7.7969207763671875
3,0.3,leg6,torque_rel,0.08264547361569777,0.09135330326229686
3,0.3,leg6,power_W,2.5118134021759033,3.618635892868042
3,0.3,whole,measured_speed_mps,0.21486862003803253,0.024231761693954468
3,0.3,whole,falls_out_of_10,0.0,
3,0.3,whole,corr_actuator_force_mapped_vs_pd,0.9982808314128008,
3,0.3,whole,corr_actuator_force_unmapped_vs_pd,-0.04148521144366194,
3,0.3,whole,tau_source=actuator_force_mapped_to_joints,,
3,0.5,side13,track_err_deg,6.75085973739624,7.486647129058838
3,0.5,side13,cmd_amp_deg,7.139598846435547,8.142875671386719
3,0.5,side13,torque_Nm,3.873852491378784,4.339340686798096
3,0.5,side13,torque_rel,0.0643448710753769,0.06978577623361772
3,0.5,side13,power_W,2.666090250015259,3.559420108795166
3,0.5,leg6,track_err_deg,9.535131454467773,11.116779327392578
3,0.5,leg6,cmd_amp_deg,10.853300094604492,12.704132080078125
3,0.5,leg6,torque_Nm,7.244944095611572,8.266103744506836
3,0.5,leg6,torque_rel,0.08295053795079561,0.09497875134050537
3,0.5,leg6,power_W,5.174043655395508,7.145469665527344
3,0.5,whole,measured_speed_mps,0.4483041763305664,0.013350862078368664
3,0.5,whole,falls_out_of_10,0.0,
3,0.5,whole,corr_actuator_force_mapped_vs_pd,0.9984910316684233,
3,0.5,whole,corr_actuator_force_unmapped_vs_pd,0.005912239782915398,
3,0.5,whole,tau_source=actuator_force_mapped_to_joints,,
3,0.7,side13,track_err_deg,7.6158857345581055,8.327591896057129
3,0.7,side13,cmd_amp_deg,8.110418319702148,9.115534782409668
3,0.7,side13,torque_Nm,4.155898571014404,4.499285697937012
3,0.7,side13,torque_rel,0.07035352980479745,0.07535008538275119
3,0.7,side13,power_W,4.006344795227051,5.141178607940674
3,0.7,leg6,track_err_deg,10.630842208862305,12.026132583618164
3,0.7,leg6,cmd_amp_deg,12.03315544128418,13.743642807006836
3,0.7,leg6,torque_Nm,7.704588890075684,8.41468620300293
3,0.7,leg6,torque_rel,0.08918829868087245,0.09734780891634132
3,0.7,leg6,power_W,7.904958248138428,10.336935043334961
3,0.7,whole,measured_speed_mps,0.6373039484024048,0.012262661010026932
3,0.7,whole,falls_out_of_10,0.0,
3,0.7,whole,corr_actuator_force_mapped_vs_pd,0.9986417564482459,
3,0.7,whole,corr_actuator_force_unmapped_vs_pd,0.03565355542213956,
3,0.7,whole,tau_source=actuator_force_mapped_to_joints,,
3,0.9,side13,track_err_deg,8.370588302612305,9.087140083312988
3,0.9,side13,cmd_amp_deg,9.020018577575684,9.967852592468262
3,0.9,side13,torque_Nm,4.40497350692749,4.719298362731934
3,0.9,side13,torque_rel,0.0756237617375212,0.08129972545579481
3,0.9,side13,power_W,5.465030670166016,6.782113552093506
3,0.9,leg6,track_err_deg,11.64161491394043,12.840082168579102
3,0.9,leg6,cmd_amp_deg,13.131869316101074,14.601797103881836
3,0.9,leg6,torque_Nm,8.115689277648926,8.705109596252441
3,0.9,leg6,torque_rel,0.09478956613639082,0.10108114415088112
3,0.9,leg6,power_W,10.910097122192383,13.62055492401123
3,0.9,whole,measured_speed_mps,0.8193371891975403,0.010934476740658283
3,0.9,whole,falls_out_of_10,0.0,
3,0.9,whole,corr_actuator_force_mapped_vs_pd,0.9987858386117882,
3,0.9,whole,corr_actuator_force_unmapped_vs_pd,0.05518582371296055,
3,0.9,whole,tau_source=actuator_force_mapped_to_joints,,
4,0.3,side13,track_err_deg,5.978588581085205,6.601141452789307
4,0.3,side13,cmd_amp_deg,6.977303981781006,7.333815097808838
4,0.3,side13,torque_Nm,3.6169631481170654,4.073765754699707
4,0.3,side13,torque_rel,0.05831222734703889,0.06531579965897572
4,0.3,side13,power_W,1.5535006523132324,2.0092244148254395
4,0.3,leg6,track_err_deg,8.974265098571777,10.120685577392578
4,0.3,leg6,cmd_amp_deg,10.248197555541992,11.441044807434082
4,0.3,leg6,torque_Nm,6.943958282470703,7.927740573883057
4,0.3,leg6,torque_rel,0.080628809978978,0.09542719152333305
4,0.3,leg6,power_W,2.9173576831817627,3.9979045391082764
4,0.3,whole,measured_speed_mps,0.23512300848960876,0.015750598162412643
4,0.3,whole,falls_out_of_10,0.0,
4,0.3,whole,corr_actuator_force_mapped_vs_pd,0.9984179232267947,
4,0.3,whole,corr_actuator_force_unmapped_vs_pd,-0.028193840550175334,
4,0.3,whole,tau_source=actuator_force_mapped_to_joints,,
4,0.5,side13,track_err_deg,6.6092095375061035,7.229720115661621
4,0.5,side13,cmd_amp_deg,7.5680975914001465,8.273101806640625
4,0.5,side13,torque_Nm,3.787060499191284,4.071682929992676
4,0.5,side13,torque_rel,0.06201680808534495,0.06857695493656948
4,0.5,side13,power_W,2.7529397010803223,3.409635543823242
4,0.5,leg6,track_err_deg,9.744049072265625,10.713300704956055
4,0.5,leg6,cmd_amp_deg,11.32007122039795,12.546608924865723
4,0.5,leg6,torque_Nm,7.169430732727051,7.740973472595215
4,0.5,leg6,torque_rel,0.08246251238297161,0.09377151703684447
4,0.5,leg6,power_W,5.305700778961182,6.892453670501709
4,0.5,whole,measured_speed_mps,0.4321509301662445,0.01490490511059761
4,0.5,whole,falls_out_of_10,0.0,
4,0.5,whole,corr_actuator_force_mapped_vs_pd,0.9984844748639533,
4,0.5,whole,corr_actuator_force_unmapped_vs_pd,0.0021534849168871493,
4,0.5,whole,tau_source=actuator_force_mapped_to_joints,,
4,0.7,side13,track_err_deg,7.457643985748291,7.798813819885254
4,0.7,side13,cmd_amp_deg,8.144503593444824,8.918633460998535
4,0.7,side13,torque_Nm,4.053530693054199,4.181227684020996
4,0.7,side13,torque_rel,0.06857584190715954,0.07254578270301719
4,0.7,side13,power_W,4.118213176727295,4.80738639831543
4,0.7,leg6,track_err_deg,10.856522560119629,11.505871772766113
4,0.7,leg6,cmd_amp_deg,12.346122741699219,13.377965927124023
4,0.7,leg6,torque_Nm,7.584071159362793,7.84164571762085
4,0.7,leg6,torque_rel,0.08916361774998127,0.095331160641879
4,0.7,leg6,power_W,8.021547317504883,9.810413360595703
4,0.7,whole,measured_speed_mps,0.6093152165412903,0.012303601019084454
4,0.7,whole,falls_out_of_10,0.0,
4,0.7,whole,corr_actuator_force_mapped_vs_pd,0.9986139066880986,
4,0.7,whole,corr_actuator_force_unmapped_vs_pd,0.02481046756165548,
4,0.7,whole,tau_source=actuator_force_mapped_to_joints,,
4,0.9,side13,track_err_deg,8.275896072387695,8.457465171813965
4,0.9,side13,cmd_amp_deg,8.838769912719727,9.513412475585938
4,0.9,side13,torque_Nm,4.356364727020264,4.397252559661865
4,0.9,side13,torque_rel,0.07536585814646377,0.07785877923822904
4,0.9,side13,power_W,5.739512920379639,6.249102592468262
4,0.9,leg6,track_err_deg,11.995366096496582,12.454572677612305
4,0.9,leg6,cmd_amp_deg,13.316210746765137,14.217973709106445
4,0.9,leg6,torque_Nm,8.090078353881836,8.167055130004883
4,0.9,leg6,torque_rel,0.09663254656602802,0.09948133287053786
4,0.9,leg6,power_W,11.308694839477539,12.804292678833008
4,0.9,whole,measured_speed_mps,0.7906729578971863,0.012612329795956612
4,0.9,whole,falls_out_of_10,0.0,
4,0.9,whole,corr_actuator_force_mapped_vs_pd,0.9987729205928869,
4,0.9,whole,corr_actuator_force_unmapped_vs_pd,0.04086820731960785,
4,0.9,whole,tau_source=actuator_force_mapped_to_joints,,
5,0.3,side13,track_err_deg,6.0692949295043945,6.180159091949463
5,0.3,side13,cmd_amp_deg,6.5701093673706055,6.95871114730835
5,0.3,side13,torque_Nm,3.863088607788086,3.6778368949890137
5,0.3,side13,torque_rel,0.06094576994015809,0.05972210506713366
5,0.3,side13,power_W,1.8031316995620728,1.784345030784607
5,0.3,leg6,track_err_deg,9.241622924804688,8.952054023742676
5,0.3,leg6,cmd_amp_deg,10.284908294677734,9.858536720275879
5,0.3,leg6,torque_Nm,7.442189693450928,6.9805192947387695
5,0.3,leg6,torque_rel,0.08489489725259844,0.08074497315001582
5,0.3,leg6,power_W,3.5030357837677,3.3648135662078857
5,0.3,whole,measured_speed_mps,0.23276856541633606,0.020494094118475914
5,0.3,whole,falls_out_of_10,0.0,
5,0.3,whole,corr_actuator_force_mapped_vs_pd,0.9983609318310909,
5,0.3,whole,corr_actuator_force_unmapped_vs_pd,-0.015395536438355253,
5,0.3,whole,tau_source=actuator_force_mapped_to_joints,,
5,0.5,side13,track_err_deg,6.860779762268066,6.794264316558838
5,0.5,side13,cmd_amp_deg,7.532656669616699,7.596855163574219
5,0.5,side13,torque_Nm,4.132425785064697,3.9474472999572754
5,0.5,side13,torque_rel,0.06688029260460673,0.06411682328650456
5,0.5,side13,power_W,3.1257917881011963,3.0885462760925293
5,0.5,leg6,track_err_deg,10.374746322631836,9.776066780090332
5,0.5,leg6,cmd_amp_deg,11.667388916015625,10.80791187286377
5,0.5,leg6,torque_Nm,7.893089294433594,7.452146053314209
5,0.5,leg6,torque_rel,0.0907881101707713,0.08467981110860343
5,0.5,leg6,power_W,6.248470783233643,6.013890266418457
5,0.5,whole,measured_speed_mps,0.4243541657924652,0.01636672578752041
5,0.5,whole,falls_out_of_10,0.0,
5,0.5,whole,corr_actuator_force_mapped_vs_pd,0.998547148240548,
5,0.5,whole,corr_actuator_force_unmapped_vs_pd,0.022828944825353095,
5,0.5,whole,tau_source=actuator_force_mapped_to_joints,,
5,0.7,side13,track_err_deg,7.645707607269287,7.427170753479004
5,0.7,side13,cmd_amp_deg,8.38244915008545,8.236425399780273
5,0.7,side13,torque_Nm,4.409788131713867,4.169881343841553
5,0.7,side13,torque_rel,0.07306072306870495,0.06919983284146508
5,0.7,side13,power_W,4.627785682678223,4.512719631195068
5,0.7,leg6,track_err_deg,11.477521896362305,10.681302070617676
5,0.7,leg6,cmd_amp_deg,12.837440490722656,11.807723045349121
5,0.7,leg6,torque_Nm,8.357854843139648,7.809969425201416
5,0.7,leg6,torque_rel,0.09728846377003643,0.08959023029311383
5,0.7,leg6,power_W,9.338800430297852,8.92230224609375
5,0.7,whole,measured_speed_mps,0.6007807850837708,0.01513249333947897
5,0.7,whole,falls_out_of_10,0.0,
5,0.7,whole,corr_actuator_force_mapped_vs_pd,0.9987066391552956,
5,0.7,whole,corr_actuator_force_unmapped_vs_pd,0.05438359342382704,
5,0.7,whole,tau_source=actuator_force_mapped_to_joints,,
5,0.9,side13,track_err_deg,8.288999557495117,8.022909164428711
5,0.9,side13,cmd_amp_deg,9.072867393493652,8.865621566772461
5,0.9,side13,torque_Nm,4.618974685668945,4.426640510559082
5,0.9,side13,torque_rel,0.07780916870050399,0.07458672074318158
5,0.9,side13,power_W,6.176264762878418,5.982851982116699
5,0.9,leg6,track_err_deg,12.367643356323242,11.522077560424805
5,0.9,leg6,cmd_amp_deg,13.766077041625977,12.789414405822754
5,0.9,leg6,torque_Nm,8.69359016418457,8.233848571777344
5,0.9,leg6,torque_rel,0.10186922970894965,0.09477213154834868
5,0.9,leg6,power_W,12.510947227478027,11.917163848876953
5,0.9,whole,measured_speed_mps,0.783319890499115,0.015066716820001602
5,0.9,whole,falls_out_of_10,0.0,
5,0.9,whole,corr_actuator_force_mapped_vs_pd,0.9988355848784166,
5,0.9,whole,corr_actuator_force_unmapped_vs_pd,0.0749719063150913,
5,0.9,whole,tau_source=actuator_force_mapped_to_joints,,
6,0.3,side13,track_err_deg,6.1650190353393555,6.270996570587158
6,0.3,side13,cmd_amp_deg,6.755651950836182,7.237734794616699
6,0.3,side13,torque_Nm,3.556358814239502,3.934074878692627
6,0.3,side13,torque_rel,0.060600171868615126,0.06279692438801417
6,0.3,side13,power_W,1.7419980764389038,1.7855275869369507
6,0.3,leg6,track_err_deg,8.381118774414062,9.892080307006836
6,0.3,leg6,cmd_amp_deg,9.436873435974121,11.004975318908691
6,0.3,leg6,torque_Nm,6.5965576171875,7.67556619644165
6,0.3,leg6,torque_rel,0.07577054936987794,0.09316495174440084
6,0.3,leg6,power_W,3.294907331466675,3.5997962951660156
6,0.3,whole,measured_speed_mps,0.21931979060173035,0.014274275861680508
6,0.3,whole,falls_out_of_10,0.0,
6,0.3,whole,corr_actuator_force_mapped_vs_pd,0.9982732961480705,
6,0.3,whole,corr_actuator_force_unmapped_vs_pd,-0.03245613204823614,
6,0.3,whole,tau_source=actuator_force_mapped_to_joints,,
6,0.5,side13,track_err_deg,7.291024684906006,7.050882816314697
6,0.5,side13,cmd_amp_deg,7.93900203704834,7.987786293029785
6,0.5,side13,torque_Nm,3.939945697784424,4.183350563049316
6,0.5,side13,torque_rel,0.06833849179748315,0.06741523276357639
6,0.5,side13,power_W,3.2144992351531982,3.193363904953003
6,0.5,leg6,track_err_deg,9.73532772064209,10.60460090637207
6,0.5,leg6,cmd_amp_deg,11.205810546875,11.921238899230957
6,0.5,leg6,torque_Nm,7.213314056396484,7.998097896575928
6,0.5,leg6,torque_rel,0.08226815022895506,0.09298031256735162
6,0.5,leg6,power_W,6.2572455406188965,6.432024955749512
6,0.5,whole,measured_speed_mps,0.4278479516506195,0.01273559033870697
6,0.5,whole,falls_out_of_10,0.0,
6,0.5,whole,corr_actuator_force_mapped_vs_pd,0.9984827775294547,
6,0.5,whole,corr_actuator_force_unmapped_vs_pd,0.013182520169694636,
6,0.5,whole,tau_source=actuator_force_mapped_to_joints,,
6,0.7,side13,track_err_deg,8.136289596557617,7.904685974121094
6,0.7,side13,cmd_amp_deg,8.806143760681152,8.72301959991455
6,0.7,side13,torque_Nm,4.181178569793701,4.423061847686768
6,0.7,side13,torque_rel,0.07423684993554608,0.0731622299785939
6,0.7,side13,power_W,4.726773262023926,4.775835037231445
6,0.7,leg6,track_err_deg,10.78288459777832,11.508790969848633
6,0.7,leg6,cmd_amp_deg,12.479732513427734,12.869384765625
6,0.7,leg6,torque_Nm,7.563225746154785,8.321664810180664
6,0.7,leg6,torque_rel,0.08671578240760279,0.09591297639432282
6,0.7,leg6,power_W,9.3405179977417,9.616460800170898
6,0.7,whole,measured_speed_mps,0.6157667636871338,0.012955835089087486
6,0.7,whole,falls_out_of_10,0.0,
6,0.7,whole,corr_actuator_force_mapped_vs_pd,0.9986609954127333,
6,0.7,whole,corr_actuator_force_unmapped_vs_pd,0.050873775724956015,
6,0.7,whole,tau_source=actuator_force_mapped_to_joints,,
6,0.9,side13,track_err_deg,8.820760726928711,8.681160926818848
6,0.9,side13,cmd_amp_deg,9.512886047363281,9.381824493408203
6,0.9,side13,torque_Nm,4.4076642990112305,4.661528587341309
6,0.9,side13,torque_rel,0.07945552265007885,0.07883778738037125
6,0.9,side13,power_W,6.116123676300049,6.283959865570068
6,0.9,leg6,track_err_deg,11.658981323242188,12.394078254699707
6,0.9,leg6,cmd_amp_deg,13.485806465148926,13.779043197631836
6,0.9,leg6,torque_Nm,7.9097723960876465,8.666606903076172
6,0.9,leg6,torque_rel,0.09100124217814036,0.09974160479636088
6,0.9,leg6,power_W,12.171353340148926,12.660984992980957
6,0.9,whole,measured_speed_mps,0.7967827320098877,0.013101317919790745
6,0.9,whole,falls_out_of_10,0.0,
6,0.9,whole,corr_actuator_force_mapped_vs_pd,0.9988173356688397,
6,0.9,whole,corr_actuator_force_unmapped_vs_pd,0.07187028615770343,
6,0.9,whole,tau_source=actuator_force_mapped_to_joints,,
7,0.3,side13,track_err_deg,6.131861686706543,5.686161041259766
7,0.3,side13,cmd_amp_deg,6.507437705993652,6.328293800354004
7,0.3,side13,torque_Nm,3.8092639446258545,3.5192809104919434
7,0.3,side13,torque_rel,0.06078142992604759,0.05580535958920344
7,0.3,side13,power_W,1.7277710437774658,1.5752222537994385
7,0.3,leg6,track_err_deg,9.491665840148926,8.439229011535645
7,0.3,leg6,cmd_amp_deg,10.881691932678223,9.927244186401367
7,0.3,leg6,torque_Nm,7.370600700378418,6.778609275817871
7,0.3,leg6,torque_rel,0.08682860867716365,0.07767021650295407
7,0.3,leg6,power_W,3.3609814643859863,3.052003860473633
7,0.3,whole,measured_speed_mps,0.24619963765144348,0.025022560730576515
7,0.3,whole,falls_out_of_10,0.0,
7,0.3,whole,corr_actuator_force_mapped_vs_pd,0.9983004269306753,
7,0.3,whole,corr_actuator_force_unmapped_vs_pd,-0.03190459190821619,
7,0.3,whole,tau_source=actuator_force_mapped_to_joints,,
7,0.5,side13,track_err_deg,6.673520088195801,6.450847625732422
7,0.5,side13,cmd_amp_deg,7.166479587554932,7.169734954833984
7,0.5,side13,torque_Nm,3.8733997344970703,3.8289806842803955
7,0.5,side13,torque_rel,0.06340329571749732,0.06075256850099583
7,0.5,side13,power_W,2.8640925884246826,2.766329288482666
7,0.5,leg6,track_err_deg,10.073890686035156,9.502983093261719
7,0.5,leg6,cmd_amp_deg,11.784850120544434,11.159662246704102
7,0.5,leg6,torque_Nm,7.374292850494385,7.323636531829834
7,0.5,leg6,torque_rel,0.08622350465101894,0.08306437967924354
7,0.5,leg6,power_W,5.691483497619629,5.487712860107422
7,0.5,whole,measured_speed_mps,0.44453802704811096,0.018684154376387596
7,0.5,whole,falls_out_of_10,0.0,
7,0.5,whole,corr_actuator_force_mapped_vs_pd,0.9984520490256968,
7,0.5,whole,corr_actuator_force_unmapped_vs_pd,-0.0009693511135229961,
7,0.5,whole,tau_source=actuator_force_mapped_to_joints,,
7,0.7,side13,track_err_deg,7.21846866607666,7.2281999588012695
7,0.7,side13,cmd_amp_deg,7.8539910316467285,8.06321907043457
7,0.7,side13,torque_Nm,4.001175880432129,4.128670692443848
7,0.7,side13,torque_rel,0.06671607976140291,0.06652155223870446
7,0.7,side13,power_W,4.046011447906494,4.200211524963379
7,0.7,leg6,track_err_deg,10.673283576965332,10.569734573364258
7,0.7,leg6,cmd_amp_deg,12.48355770111084,12.204466819763184
7,0.7,leg6,torque_Nm,7.526784420013428,7.8408355712890625
7,0.7,leg6,torque_rel,0.08764672584463318,0.08919819950519373
7,0.7,leg6,power_W,8.136091232299805,8.4384765625
7,0.7,whole,measured_speed_mps,0.6240045428276062,0.016049401834607124
7,0.7,whole,falls_out_of_10,0.0,
7,0.7,whole,corr_actuator_force_mapped_vs_pd,0.998598020682954,
7,0.7,whole,corr_actuator_force_unmapped_vs_pd,0.023615608691590524,
7,0.7,whole,tau_source=actuator_force_mapped_to_joints,,
7,0.9,side13,track_err_deg,7.764474391937256,7.946719169616699
7,0.9,side13,cmd_amp_deg,8.554256439208984,8.950667381286621
7,0.9,side13,torque_Nm,4.140803813934326,4.42366886138916
7,0.9,side13,torque_rel,0.07030529721162279,0.07219991131965084
7,0.9,side13,power_W,5.117782115936279,5.635103225708008
7,0.9,leg6,track_err_deg,11.309085845947266,11.546182632446289
7,0.9,leg6,cmd_amp_deg,13.127395629882812,13.109109878540039
7,0.9,leg6,torque_Nm,7.7142486572265625,8.349857330322266
7,0.9,leg6,torque_rel,0.090071313402774,0.09494013573290708
7,0.9,leg6,power_W,10.3436861038208,11.396807670593262
7,0.9,whole,measured_speed_mps,0.7948035001754761,0.013489249162375927
7,0.9,whole,falls_out_of_10,0.0,
7,0.9,whole,corr_actuator_force_mapped_vs_pd,0.9987340200704676,
7,0.9,whole,corr_actuator_force_unmapped_vs_pd,0.04144805065389904,
7,0.9,whole,tau_source=actuator_force_mapped_to_joints,,
8,0.3,side13,track_err_deg,6.134669780731201,6.786773681640625
8,0.3,side13,cmd_amp_deg,6.662406921386719,7.9934539794921875
8,0.3,side13,torque_Nm,3.7446212768554688,4.100556373596191
8,0.3,side13,torque_rel,0.06079703627189335,0.06723225848993511
8,0.3,side13,power_W,1.4625533819198608,1.9793685674667358
8,0.3,leg6,track_err_deg,9.170507431030273,10.333229064941406
8,0.3,leg6,cmd_amp_deg,10.344143867492676,11.384537696838379
8,0.3,leg6,torque_Nm,7.187126159667969,7.908773899078369
8,0.3,leg6,torque_rel,0.08520776661246823,0.09647389222121978
8,0.3,leg6,power_W,2.7726829051971436,3.849628448486328
8,0.3,whole,measured_speed_mps,0.22047297656536102,0.01729251816868782
8,0.3,whole,falls_out_of_10,0.0,
8,0.3,whole,corr_actuator_force_mapped_vs_pd,0.9984088273602292,
8,0.3,whole,corr_actuator_force_unmapped_vs_pd,-0.03426164052943003,
8,0.3,whole,tau_source=actuator_force_mapped_to_joints,,
8,0.5,side13,track_err_deg,6.668826103210449,7.375864505767822
8,0.5,side13,cmd_amp_deg,7.404725551605225,8.609478950500488
8,0.5,side13,torque_Nm,3.929758071899414,4.3346638679504395
8,0.5,side13,torque_rel,0.06466045862271905,0.07100493890173516
8,0.5,side13,power_W,2.643582820892334,3.457218885421753
8,0.5,leg6,track_err_deg,9.732545852661133,10.825883865356445
8,0.5,leg6,cmd_amp_deg,11.389383316040039,12.0820951461792
8,0.5,leg6,torque_Nm,7.437150478363037,8.222237586975098
8,0.5,leg6,torque_rel,0.086330421632073,0.09546989785570338
8,0.5,leg6,power_W,5.156348705291748,6.8844170570373535
8,0.5,whole,measured_speed_mps,0.43520569801330566,0.015348292887210846
8,0.5,whole,falls_out_of_10,0.0,
8,0.5,whole,corr_actuator_force_mapped_vs_pd,0.9985570618289275,
8,0.5,whole,corr_actuator_force_unmapped_vs_pd,0.004263356928643556,
8,0.5,whole,tau_source=actuator_force_mapped_to_joints,,
8,0.7,side13,track_err_deg,7.330413818359375,7.9969024658203125
8,0.7,side13,cmd_amp_deg,8.248235702514648,9.050958633422852
8,0.7,side13,torque_Nm,4.1186299324035645,4.494263648986816
8,0.7,side13,torque_rel,0.07024887113085093,0.07482157623307598
8,0.7,side13,power_W,3.9310879707336426,4.920618534088135
8,0.7,leg6,track_err_deg,10.440739631652832,11.467670440673828
8,0.7,leg6,cmd_amp_deg,12.340253829956055,12.752777099609375
8,0.7,leg6,torque_Nm,7.667582035064697,8.413713455200195
8,0.7,leg6,torque_rel,0.08949424519505081,0.09628228680726697
8,0.7,leg6,power_W,7.722094535827637,9.920855522155762
8,0.7,whole,measured_speed_mps,0.6267401576042175,0.016076669096946716
8,0.7,whole,falls_out_of_10,0.0,
8,0.7,whole,corr_actuator_force_mapped_vs_pd,0.998680460651364,
8,0.7,whole,corr_actuator_force_unmapped_vs_pd,0.035608251850640565,
8,0.7,whole,tau_source=actuator_force_mapped_to_joints,,
8,0.9,side13,track_err_deg,8.060639381408691,8.69648265838623
8,0.9,side13,cmd_amp_deg,9.08137321472168,9.546992301940918
8,0.9,side13,torque_Nm,4.3457818031311035,4.712895393371582
8,0.9,side13,torque_rel,0.0763794456063681,0.07968917958474567
8,0.9,side13,power_W,5.285919189453125,6.437242031097412
8,0.9,leg6,track_err_deg,11.172555923461914,12.290517807006836
8,0.9,leg6,cmd_amp_deg,13.2197265625,13.638113021850586
8,0.9,leg6,torque_Nm,7.960583686828613,8.734930992126465
8,0.9,leg6,torque_rel,0.09284475415847368,0.09952886380632878
8,0.9,leg6,power_W,10.382204055786133,13.057952880859375
8,0.9,whole,measured_speed_mps,0.8191213607788086,0.01613355427980423
8,0.9,whole,falls_out_of_10,0.0,
8,0.9,whole,corr_actuator_force_mapped_vs_pd,0.9988078806145124,
8,0.9,whole,corr_actuator_force_unmapped_vs_pd,0.059116619750237444,
8,0.9,whole,tau_source=actuator_force_mapped_to_joints,,
