group,metric,speed,left_mean,right_mean,AI_mean_%,AI_min_%,AI_max_%,seeds_R>L,seeds_L>R,wilcoxon_p
leg6,cmd_amp_deg,0.3,10.230012774467468,10.831551790237427,5.638329395769045,-9.17344107180693,15.342074992703484,5,3,0.109375
leg6,cmd_amp_deg,0.5,11.465791940689087,11.872175455093384,3.408520154990166,-7.6481916858449015,15.713359348755649,5,3,0.25
leg6,cmd_amp_deg,0.7,12.5404452085495,12.781194567680359,1.8428316016919326,-8.35634499942673,13.271526969693067,5,3,0.4609375
leg6,cmd_amp_deg,0.9,13.479128956794739,13.658375144004822,1.2749260201213184,-7.355635934932423,10.600313463939525,4,4,0.7421875
leg6,power_W,0.3,3.1125611066818237,3.5465405881404877,13.093291525087038,-9.635999094356794,36.10901705318498,5,3,0.1484375
leg6,power_W,0.5,5.756641387939453,6.416342556476593,10.77454834050158,-3.826025279558066,32.00493329202646,5,3,0.1953125
leg6,power_W,0.7,8.611020147800446,9.410781741142273,8.962251172530793,-4.561588547909109,26.663644571731858,5,3,0.1953125
leg6,power_W,0.9,11.494795322418213,12.404922842979431,7.682957421777064,-4.861475999884613,22.83046851866485,5,3,0.1484375
leg6,torque_Nm,0.3,7.070328533649445,7.467598021030426,5.371407908833467,-8.367837152130399,15.120504745393987,6,2,0.1484375
leg6,torque_Nm,0.5,7.371250927448273,7.799816608428955,5.600077573857222,-5.746972674278356,13.166868665753123,6,2,0.0546875
leg6,torque_Nm,0.7,7.690661549568176,8.084041178226471,4.9934520149079376,-6.777478637135749,9.549188410660934,7,1,0.0546875
leg6,torque_Nm,0.9,8.026564359664917,8.445300221443176,5.110557335557878,-5.431909689095695,9.276111820307364,7,1,0.0390625
leg6,torque_rel,0.3,0.08307742968565845,0.08887393812213151,6.555288808267075,-11.134902834937145,20.59295087153555,5,3,0.1953125
leg6,torque_rel,0.5,0.08555632583922773,0.09050463726383731,5.566268281617372,-6.962297173900474,13.52021742751689,5,3,0.109375
leg6,torque_rel,0.7,0.09009216008227014,0.09365254191135715,3.8950697608568805,-8.238749222339067,10.072010615475001,6,2,0.1484375
leg6,torque_rel,0.9,0.09459280995627446,0.0977641447953426,3.3376187120081067,-7.218316752104561,9.16455086715668,7,1,0.1484375
leg6,track_err_deg,0.3,9.022946000099182,9.592874646186829,5.989280170996418,-11.738809884487242,16.53746041796293,5,3,0.1484375
leg6,track_err_deg,0.5,9.884704947471619,10.391306519508362,4.916541267665475,-5.941988936025896,15.317206137787986,5,3,0.109375
leg6,track_err_deg,0.7,10.814398050308228,11.257460117340088,3.9722985614913515,-7.1864808974620455,12.31665204675901,6,2,0.1484375
leg6,track_err_deg,0.9,11.688840389251709,12.117356300354004,3.5755084820135066,-7.078908948707291,9.790720394905987,7,1,0.109375
side13,cmd_amp_deg,0.3,6.635079443454742,7.173929870128632,7.664429709921854,-2.7913314570510668,18.164024169001856,6,2,0.0390625
side13,cmd_amp_deg,0.5,7.461454927921295,7.961454689502716,6.41045164606064,-0.6742739606951298,15.046059874367787,7,1,0.0390625
side13,cmd_amp_deg,0.7,8.2557013630867,8.677987933158875,4.952844300491045,-1.7573241782050233,11.669792164757459,5,3,0.109375
side13,cmd_amp_deg,0.9,9.00099802017212,9.369016170501709,3.975707512446541,-2.310627469016398,9.983573265316025,5,3,0.109375
side13,power_W,0.3,1.610785573720932,1.818141520023346,12.129582187976581,-9.237002696308107,30.030616216557704,6,2,0.078125
side13,power_W,0.5,2.904114454984665,3.2279732525348663,10.498487707706225,-3.4726811624181724,28.699008026407185,5,3,0.1484375
side13,power_W,0.7,4.29943186044693,4.693411827087402,8.836285630335276,-2.517717511930312,24.811826386159076,6,2,0.078125
side13,power_W,0.9,5.7130321860313416,6.163163483142853,7.650090200821744,-3.1813623442892016,21.50840813213673,6,2,0.0546875
side13,torque_Nm,0.3,3.6863327026367188,3.8764770328998566,4.938541088082356,-7.9137957088822475,11.879305911181842,6,2,0.078125
side13,torque_Nm,0.5,3.8958654403686523,4.1128367483615875,5.364222596828656,-4.578747293700068,11.335133250150536,6,2,0.0546875
side13,torque_Nm,0.7,4.111509561538696,4.3160595297813416,4.8496933639540725,-5.592448253533302,11.720327731146263,7,1,0.0546875
side13,torque_Nm,0.9,4.3307300209999084,4.552854835987091,5.019996438983004,-4.252539400306694,11.285268581903377,7,1,0.0234375
side13,torque_rel,0.3,0.05973940483556295,0.06266043893250628,4.656852817991658,-8.536250732237846,16.436126615339532,6,2,0.109375
side13,torque_rel,0.5,0.06414833368420217,0.067302474554529,4.7656118133529946,-4.269999219427395,18.07923991385033,5,3,0.1953125
side13,torque_rel,0.7,0.06950620578299274,0.07230306495994698,3.9640791333151872,-5.427913876110325,19.426419100864585,5,3,0.1953125
side13,torque_rel,0.9,0.07468934970506938,0.07767528375812932,3.957173211001727,-4.229048393740555,19.906817754432232,5,3,0.1953125
side13,track_err_deg,0.3,6.016701877117157,6.373041152954102,5.650720598272178,-7.542727843839157,17.706748055922276,7,1,0.078125
side13,track_err_deg,0.5,6.735824763774872,7.115181267261505,5.4509825991548375,-3.393267657794561,18.729707545129916,5,3,0.1484375
side13,track_err_deg,0.7,7.4720412492752075,7.8313403725624084,4.696378158662084,-2.899736182564588,18.711880926520724,6,2,0.1484375
side13,track_err_deg,0.9,8.156964123249054,8.524370551109314,4.396912957112065,-3.2625292061470477,17.557057866055057,6,2,0.109375
